area ,price,Chiều rộng,Phòng ngủ,Phòng tắm,Pháp lý,Số tầng,Chiều dài,Hiện trạng nhà
99 m²,4.15 tỷ,5.5 m,3,2,Sổ hồng,2,18 m,Nhà trống
226 m²,15 tỷ,13 m,3,5,Sổ đỏ,4,19 m,Đang ở
125 m²,4.8 tỷ,5 m,4,2,Sổ đỏ,3,25 m,Đang ở
90 m²,15.5 tỷ,,13,14,Sổ hồng,,,Có nội thất
300 m²,15 tỷ,15 m,10,8,Sổ hồng,3,20 m,Có nội thất
90 m²,10 tỷ,5 m,10,11,Sổ hồng,,18 m,Đang ở
150 m²,9.6 tỷ,12.5 m,2,1,Sổ đỏ,,12 m,
60 m²,4.19 tỷ,4.5 m,2,1,Sổ hồng,1,13 m,Đang ở
215 m²,22 tỷ,,5,5,Sổ đỏ,5,,Đang ở
215 m²,22 tỷ,,5,5,Sổ đỏ,5,,Nhà trống
80 m²,5.5 tỷ,4.5 m,3,2,Sổ hồng,2,17.5 m,Đang ở
77 m²,5.1 tỷ,5.2 m,3,2,Sổ hồng,2,15 m,Đang ở
100 m²,4.65 tỷ,4.6 m,3,2,Sổ hồng,2,27.3 m,Nhà trống
87 m²,5.4 tỷ,4.3 m,5,5,Sổ hồng,4,21 m,Nhà trống
80 m²,3.65 tỷ,4.5 m,3,3,Sổ hồng,2,18 m,Nhà trống
94 m²,6.5 tỷ,5.5 m,4,4,Sổ hồng,4,17 m,Đang ở
93 m²,6.5 tỷ,6 m,4,5,Sổ đỏ,4,16 m,Đang ở
99 m²,5.7 tỷ,5.5 m,3,4,Sổ hồng,4,18 m,Nhà trống
120 m²,22 tỷ,,,,,,,
70 m²,5.56 tỷ,7 m,3,3,Sổ hồng,3,10 m,Nhà trống
220 m²,11.3 tỷ,10 m,,,Sổ đỏ,,22 m,Đang ở
38 m²,2.2 tỷ,6 m,,,Sổ đỏ,,6.4 m,Đang ở
107 m²,11 tỷ,5 m,5,5,Sổ đỏ,5,21.5 m,Đang ở
108 m²,11 tỷ,5 m,5,5,Sổ hồng,5,21.5 m,Đang ở
63 m²,4.75 tỷ,4.8 m,2,1,Sổ hồng,1,13.5 m,Nhà trống
119 m²,4.1 tỷ,10.5 m,5,3,Sổ đỏ,2,,Đang ở
119 m²,4.1 tỷ,10.5 m,5,3,Sổ đỏ,2,,Nhà trống
112 m²,6.8 tỷ,5 m,3,3,Sổ đỏ,3,22 m,Nhà trống
92 m²,7.45 tỷ,5 m,3,3,Sổ hồng,3,19 m,Nhà trống
87 m²,5.85 tỷ,5 m,4,4,Sổ đỏ,3,17.3 m,Nhà trống
70 m²,6.4 tỷ,5 m,3,2,Sổ hồng,2,14 m,Nhà trống
90 m²,2.8 tỷ,5.5 m,3,2,Sổ hồng,2,17 m,Nhà trống
90 m²,2.8 tỷ,5.5 m,,,Sổ đỏ,,16 m,Nhà trống
45 m²,3.3 tỷ,1 m,,,Sổ đỏ,,1 m,Đang ở
90 m²,3.4 tỷ,5 m,3,3,Sổ đỏ,2,18 m,Đang ở
925 m²,6.2 tỷ,5 m,3,2,Sổ hồng,2,18.5 m,Nhà trống
90 m²,4.4 tỷ,4.51 m,5,5,,,20 m,
70 m²,6.4 tỷ,5 m,3,2,Sổ hồng,2,14 m,Nhà trống
92 m²,7.45 tỷ,5 m,3,3,Sổ hồng,3,19 m,Đang ở
54 m²,7.5 tỷ,5.8 m,3,3,Sổ đỏ,3,9 m,Đang ở
100 m²,11.5 tỷ,6 m,5,5,Sổ đỏ,5,19 m,Đang ở
100 m²,11.5 tỷ,6 m,5,5,Sổ đỏ,5,19 m,Nhà trống
69 m²,2.42 tỷ,4.4 m,2,2,Sổ hồng,2,14.7 m,Nhà trống
65 m²,4.45 tỷ,5 m,3,,Sổ đỏ,3,14 m,Nhà trống
65 m²,4.45 tỷ,5 m,3,,Sổ đỏ,3,14 m,Nhà trống
127 m²,7.4 tỷ,1 m,,,Sổ đỏ,3,1 m,Đang ở
98 m²,10.1 tỷ,4.5 m,5,5,Sổ hồng,5,21.5 m,Nhà trống
190 m²,5.6 tỷ,10 m,3,2,Sổ hồng,1,19 m,Đang ở
33 m²,1.82 tỷ,3.6 m,2,2,Sổ hồng,2,8.3 m,Nhà trống
75 m²,3.75 tỷ,5 m,3,2,Sổ đỏ,2,17 m,Nhà trống
81 m²,4.1 tỷ,4.5 m,3,3,Sổ đỏ,2,18 m,Nhà trống
130 m²,5.55 tỷ,6 m,3,2,Sổ hồng,2,21.5 m,Đang ở
130 m²,5.55 tỷ,6 m,3,2,Sổ hồng,2,21.5 m,Đang ở
70 m²,6.4 tỷ,5 m,3,2,Sổ hồng,2,14 m,Đang ở
80 m²,5.5 tỷ,4.5 m,3,3,Sổ đỏ,2,17.5 m,Nhà trống
70 m²,5.5 tỷ,7 m,4,3,Sổ đỏ,3,10 m,Nhà trống
100 m²,5.5 tỷ,5 m,1,1,Sổ hồng,1,20 m,Nhà trống
70 m²,5.5 tỷ,5 m,3,2,Sổ hồng,2,14 m,Đang ở
80 m²,15 tỷ,5 m,9,10,Sổ hồng,5,16 m,Đang ở
35 m²,2.1 tỷ,3.6 m,2,2,Sổ hồng,2,9.2 m,Nhà trống
45 m²,2.3 tỷ,3.5 m,3,2,Sổ hồng,2,13.5 m,Đang ở
55 m²,2.95 tỷ,3.6 m,4,2,Sổ hồng,2,9.2 m,Đang ở
90 m²,25.5 tỷ,5 m,5,5,Sổ hồng,5,18 m,Nhà trống
100 m²,4.87 tỷ,5 m,4,4,Sổ đỏ,3,20 m,Đang ở
94 m²,6.5 tỷ,6 m,4,5,Sổ hồng,4,15.6 m,Đang ở
81 m²,5.65 tỷ,4.5 m,4,4,Sổ đỏ,3,18 m,Nhà trống
60 m²,2.35 tỷ,4.6 m,3,2,Sổ đỏ,2,13 m,Nhà trống
80 m²,4.5 tỷ,5 m,2,2,Sổ hồng,2,16 m,Nhà trống
81 m²,6.5 tỷ,4.5 m,3,3,Sổ hồng,3,13 m,Đang ở
40 m²,2.66 tỷ,6.8 m,2,2,Sổ hồng,3,6 m,Nhà trống
100 m²,7.5 tỷ,5 m,,,Sổ đỏ,,20 m,Nhà trống
40 m²,2.66 tỷ,7.5 m,2,2,Sổ đỏ,3,5.5 m,Đang ở
78 m²,4 tỷ,6 m,,,Sổ đỏ,,13 m,Nhà trống
1 m²,2.6 tỷ,1 m,,,Sổ đỏ,,1 m,Nhà trống
150 m²,9.7 tỷ,,1,1,Sổ đỏ,,,Đang ở
74 m²,3.45 tỷ,4.3 m,3,3,Sổ đỏ,3,17.2 m,Đang ở
71 m²,4.15 tỷ,5.7 m,4,3,Sổ hồng,2,12 m,Đang ở
131 m²,20.5 tỷ,5 m,5,5,Sổ hồng,5,26 m,Nhà trống
112 m²,7.9 tỷ,5 m,4,5,Sổ hồng,3,22.5 m,Nhà trống
90 m²,1.85 tỷ,5.2 m,2,1,Sổ đỏ,1,17.4 m,Nhà trống
90 m²,2.7 tỷ,5.5 m,3,2,Sổ hồng,2,17 m,Nhà trống
40 m²,2.66 tỷ,7.7 m,2,2,Sổ đỏ,3,5.1 m,Đang ở
140 m²,45 tỷ,20 m,19,20,Sổ hồng,3,26 m,Đang ở
140 m²,35 tỷ,7 m,2,3,Sổ hồng,3,20 m,Đang ở
50 m²,2.23 tỷ,5 m,2,2,Sổ hồng,2,10 m,Đang ở
46 m²,2.3 tỷ,3.5 m,3,2,Sổ hồng,2,13.5 m,Đang ở
68 m²,3.39 tỷ,4.5 m,3,2,Sổ hồng,3,15 m,Đang ở
127 m²,7.4 tỷ,1 m,,,Sổ đỏ,,1 m,Đang ở
235 m²,52 tỷ,11.7 m,5,5,Sổ hồng,5,20 m,Đang ở
67 m²,2.35 tỷ,4.5 m,1,1,Sổ hồng,1,14.85 m,Đang ở
50 m²,2.23 tỷ,5 m,2,2,Sổ hồng,2,10 m,Nhà trống
46 m²,2.3 tỷ,3.5 m,3,2,Sổ hồng,2,13.5 m,Nhà trống
62 m²,2.59 tỷ,4.5 m,2,2,Sổ hồng,1,14 m,Đang ở
90 m²,6.8 tỷ,5 m,5,5,Sổ đỏ,3,18 m,Đang ở
125 m²,22.5 tỷ,5 m,5,5,Sổ đỏ,5,25 m,Đang ở
60 m²,2.35 tỷ,4.6 m,3,2,Sổ đỏ,2,13 m,Nhà trống
46 m²,2.3 tỷ,3.5 m,3,2,Sổ hồng,2,13.5 m,Nhà trống
46 m²,2.3 tỷ,3.5 m,3,2,Sổ hồng,2,13.5 m,Đang ở
90 m²,3.55 tỷ,4.2 m,3,2,Sổ hồng,2,22 m,Nhà trống
37 m²,1.88 tỷ,5.2 m,2,2,Sổ hồng,2,7 m,Nhà trống
100 m²,5.7 tỷ,5.5 m,4,4,Sổ hồng,3,18 m,Nhà trống
50 m²,2.23 tỷ,5 m,2,2,Sổ hồng,2,10 m,Nhà trống
62 m²,3.15 tỷ,5.8 m,3,2,Sổ hồng,2,11 m,Đang ở
60 m²,3.65 tỷ,4.5 m,4,4,Sổ đỏ,3,13.5 m,Đang ở
96 m²,9.5 tỷ,5 m,4,3,Sổ hồng,2,19 m,Đang ở
100 m²,14.5 tỷ,5 m,8,9,,4,20 m,
99 m²,12.5 tỷ,4.5 m,4,4,Sổ hồng,4,22 m,Đang ở
73 m²,8.5 tỷ,4.5 m,3,2,,3,16.5 m,Đang ở
188 m²,10.3 tỷ,7 m,6,6,Sổ đỏ,4,27 m,Có nội thất
750 m²,10.5 tỷ,10 m,30,30,Sổ hồng,4,75 m,Đang ở
93 m²,6.55 tỷ,4.5 m,3,4,Sổ hồng,3,20.5 m,Đang ở
130 m²,16.9 tỷ,8 m,4,4,Sổ đỏ,3,16.5 m,Đang ở
90 m²,5.1 tỷ,5 m,4,4,Sổ hồng,4,18 m,Đang ở
90 m²,4.9 tỷ,5 m,3,3,Sổ đỏ,3,18 m,Đang ở
90 m²,3.75 tỷ,4.5 m,3,3,Sổ hồng,2,20 m,Đang ở
100 m²,2.85 tỷ,5 m,4,4,Sổ hồng,2,19.98 m,Đang ở
98 m²,13.9 tỷ,5.5 m,9,10,,5,17 m,Đang ở
75 m²,3.9 tỷ,4.2 m,4,4,Sổ hồng,3,18 m,Đang ở
70 m²,16 tỷ,6.3 m,3,3,,3,11.5 m,
252 m²,28 tỷ,11 m,5,5,Sổ hồng,3,24 m,Đang ở
80 m²,4.19 tỷ,6 m,2,2,Sổ hồng,1,13 m,Đang ở
61 m²,2.75 tỷ,5.2 m,3,3,Sổ đỏ,2,11.7 m,Nhà trống
85 m²,5.2 tỷ,5 m,2,1,Sổ hồng,1,17 m,Đang ở
58 m²,5.2 tỷ,4.2 m,2,2,Sổ hồng,2,13.9 m,Đang ở
61 m²,6.5 tỷ,4.3 m,3,3,Sổ hồng,4,14 m,Đang ở
90 m²,3.55 tỷ,4.2 m,3,2,Sổ hồng,2,22 m,Đang ở
234 m²,52 tỷ,11.7 m,5,5,Sổ đỏ,5,20 m,Nhà trống
108 m²,16.8 tỷ,,,,,,,
90 m²,3.55 tỷ,4.2 m,3,2,Sổ hồng,2,22 m,Nhà trống
171 m²,3.1 tỷ,4.5 m,2,1,Sổ hồng,1,39 m,Nhà trống
234 m²,52 tỷ,11.7 m,5,5,Sổ đỏ,5,20 m,Nhà trống
100 m²,8.4 tỷ,5 m,3,3,Sổ hồng,2,20 m,Đang ở
72 m²,2.1 tỷ,5 m,,,Sổ đỏ,1,15 m,Đang ở
68 m²,1.95 tỷ,6.5 m,3,1,Sổ đỏ,2,11 m,Nhà trống
106 m²,4.7 tỷ,5.3 m,5,5,Sổ hồng,1,20 m,Đang ở
50 m²,2.25 tỷ,5 m,2,2,Sổ hồng,2,10 m,Nhà trống
90 m²,5.5 tỷ,5 m,5,4,Sổ đỏ,4,18 m,Nhà trống
28 m²,1.58 tỷ,3.1 m,2,2,Sổ hồng,2,9 m,Nhà trống
5 m²,3.6 tỷ,4 m,2,2,Sổ hồng,3,12.5 m,Nhà trống
90 m²,2.7 tỷ,4 m,2,2,Sổ hồng,1,22 m,Đang ở
65 m²,4.45 tỷ,5 m,3,3,Sổ hồng,3,14 m,Đang ở
80 m²,3.65 tỷ,4.5 m,3,3,Sổ hồng,2,18 m,Đang ở
85 m²,5.3 tỷ,4.6 m,5,5,Sổ hồng,4,17 m,Đang ở
105 m²,5.99 tỷ,5 m,3,3,Sổ hồng,3,21 m,Nhà trống
60 m²,2.99 tỷ,7 m,4,3,Sổ hồng,3,8.2 m,Nhà trống
67 m²,3.7 tỷ,6.2 m,4,4,Sổ hồng,4,11.8 m,Đang ở
51 m²,3.15 tỷ,4.5 m,2,2,Sổ hồng,1,11.5 m,Nhà trống
61 m²,3.4 tỷ,5.7 m,4,4,Sổ đỏ,3,10.4 m,Đang ở
51 m²,3.15 tỷ,4.5 m,2,2,Sổ hồng,1,11.5 m,Đang ở
53 m²,2.98 tỷ,4 m,1,1,Sổ hồng,1,14 m,Nhà trống
72 m²,3.28 tỷ,4 m,3,4,Sổ đỏ,2,16 m,Đang ở
34 m²,1.58 tỷ,5.55 m,1,1,Sổ hồng,1,6 m,Nhà trống
90 m²,8.5 tỷ,5 m,5,5,Sổ đỏ,5,18 m,Nhà trống
70 m²,3.75 tỷ,5 m,3,3,Sổ đỏ,2,14 m,Nhà trống
74 m²,3.45 tỷ,4.3 m,3,3,Sổ đỏ,3,17.2 m,Nhà trống
61 m²,2.69 tỷ,5.6 m,3,3,Sổ đỏ,2,11 m,Đang ở
62 m²,2.75 tỷ,4.5 m,2,2,Sổ hồng,1,14 m,Đang ở
60 m²,3.25 tỷ,4 m,3,4,Sổ đỏ,3,13 m,Nhà trống
55 m²,3.9 tỷ,4.4 m,2,2,Sổ đỏ,2,12.5 m,Đang ở
125 m²,16.95 tỷ,5 m,5,5,Sổ đỏ,4,25 m,Nhà trống
106 m²,4.7 tỷ,5.3 m,5,5,Sổ hồng,1,20 m,Đang ở
77 m²,4.9 tỷ,5.3 m,3,3,Sổ hồng,3,15 m,Nhà trống
67 m²,3.7 tỷ,6.2 m,4,4,Sổ hồng,4,11.8 m,Nhà trống
40 m²,1.75 tỷ,3.4 m,3,2,Sổ hồng,2,12 m,Đang ở
55 m²,2.75 tỷ,3.5 m,2,2,Sổ hồng,2,13 m,Đang ở
60 m²,2.99 tỷ,7 m,4,3,Sổ hồng,3,8.2 m,Nhà trống
134 m²,10.4 tỷ,,,,Sổ đỏ,2,,Nhà trống
98 m²,3.3 tỷ,5 m,,,Sổ đỏ,2,20 m,Đang ở
150 m²,3.65 tỷ,6.3 m,3,2,Sổ hồng,2,21 m,Có nội thất
100 m²,2.2 tỷ,,3,1,Sổ đỏ,,,Đang ở
72 m²,3.75 tỷ,4.5 m,4,4,Sổ đỏ,3,16 m,Nhà trống
84 m²,3.09 tỷ,4.6 m,2,3,Sổ hồng,2,18.3 m,Nhà trống
67 m²,3.7 tỷ,6.2 m,4,4,Sổ hồng,4,11.8 m,Nhà trống
70 m²,2.95 tỷ,4 m,4,3,Sổ hồng,3,17.8 m,Nhà trống
108 m²,18 tỷ,,,,,,,
37 m²,2.05 tỷ,5 m,3,3,Sổ hồng,3,7.5 m,Nhà trống
92 m²,8.3 tỷ,5 m,5,5,Sổ hồng,5,19 m,Nhà trống
40 m²,1.75 tỷ,3.4 m,3,2,Sổ hồng,2,12 m,Nhà trống
67 m²,3.7 tỷ,6.2 m,4,4,Sổ hồng,4,11.8 m,Nhà trống
102 m²,11.8 tỷ,6 m,5,5,Sổ đỏ,5,17 m,Đang ở
37 m²,2.05 tỷ,5 m,3,3,Sổ hồng,3,7.5 m,Nhà trống
87 m²,13.5 tỷ,,,,,,,
100 m²,18 tỷ,,,,,,,
115 m²,15.5 tỷ,,,,,,,
90 m²,13.5 tỷ,,,,,,,
85 m²,11.5 tỷ,,,,,,,
50 m²,3.39 tỷ,4.6 m,3,2,Sổ đỏ,2,11 m,Nhà trống
"3,740 m²",41.9 tỷ,46 m,3,3,Sổ hồng,1,82 m,Nhà trống
35 m²,2.98 tỷ,5 m,2,2,Sổ hồng,2,7 m,Đang ở
103 m²,11 tỷ,5 m,3,2,Sổ hồng,2,20.5 m,Đang ở
58 m²,2.19 tỷ,4.5 m,2,2,Sổ hồng,1,13.2 m,Nhà trống
150 m²,3.65 tỷ,8.3 m,3,2,Sổ hồng,2,21 m,Có nội thất
110 m²,17.3 tỷ,6.5 m,5,5,Sổ hồng,5,17 m,Đang ở
53 m²,2.99 tỷ,3.5 m,4,2,Sổ hồng,2,9.2 m,Nhà trống
40 m²,1.75 tỷ,3.4 m,3,2,Sổ hồng,2,12 m,Đang ở
78 m²,3.9 tỷ,5 m,3,3,Sổ đỏ,2,15.5 m,Đang ở
47 m²,2.35 tỷ,4 m,2,1,Sổ đỏ,1,11.6 m,Đang ở
85 m²,3.09 tỷ,4.5 m,2,2,Sổ đỏ,2,19 m,Đang ở
54 m²,2.05 tỷ,3.2 m,2,2,Sổ đỏ,1,17 m,Nhà trống
85 m²,3.09 tỷ,4.5 m,2,2,Sổ đỏ,2,19 m,Nhà trống
54 m²,2.05 tỷ,3.2 m,2,2,Sổ đỏ,1,17 m,Đang ở
60 m²,5.2 tỷ,8.3 m,,,Sổ đỏ,5,,Đang ở
80 m²,5.7 tỷ,5 m,2,2,Sổ hồng,2,16 m,Đang ở
80 m²,7.5 tỷ,,3,3,Sổ đỏ,3,,Đang ở
105 m²,6.7 tỷ,5 m,4,4,Sổ hồng,4,21 m,Đang ở
83 m²,3.7 tỷ,4 m,4,2,Sổ đỏ,2,20 m,Đang ở
105 m²,5.99 tỷ,5 m,3,3,Sổ hồng,3,21 m,Nhà trống
53 m²,2.99 tỷ,3.5 m,4,2,Sổ hồng,2,9.2 m,Đang ở
51 m²,3.55 tỷ,3.7 m,,,Sổ đỏ,,14 m,Đang ở
63 m²,4.35 tỷ,4 m,3,3,Sổ đỏ,3,18 m,Nhà trống
103 m²,11 tỷ,5 m,3,2,Sổ hồng,2,20.5 m,Đang ở
95 m²,5.3 tỷ,4.5 m,2,2,Sổ hồng,1,20.99 m,Đang ở
225 m²,26 tỷ,10 m,5,5,Sổ hồng,4,25 m,Nhà trống
60 m²,5.2 tỷ,8 m,5,5,Sổ hồng,5,7.5 m,Đang ở
65 m²,5.85 tỷ,4.5 m,3,3,Sổ hồng,3,14.5 m,Đang ở
114 m²,7.2 tỷ,5 m,4,4,Sổ hồng,3,22.8 m,Đang ở
53 m²,2.99 tỷ,3.5 m,4,2,Sổ hồng,2,9.2 m,Nhà trống
105 m²,5.99 tỷ,5 m,3,3,Sổ hồng,3,21 m,Đang ở
"3,740 m²",42 tỷ,46 m,3,3,Sổ hồng,1,82 m,Nhà trống
39 m²,1.79 tỷ,4 m,2,1,Sổ hồng,1,10 m,Đang ở
60 m²,5.2 tỷ,8 m,5,5,Sổ hồng,5,7.5 m,Đang ở
120 m²,19.5 tỷ,5.5 m,2,2,Sổ hồng,2,22 m,Đang ở
105 m²,5.99 tỷ,5 m,3,3,Sổ hồng,3,21 m,Nhà trống
96 m²,8.39 tỷ,5 m,3,2,Sổ hồng,2,19.5 m,Nhà trống
51 m²,2.05 tỷ,4.5 m,2,2,Sổ hồng,1,11.5 m,Đang ở
50 m²,3.5 tỷ,4.1 m,4,4,Sổ hồng,3,12.8 m,Đang ở
53 m²,5.15 tỷ,4.5 m,2,2,Sổ hồng,2,12 m,Nhà trống
98 m²,3.29 tỷ,5 m,3,2,Sổ hồng,2,19.8 m,Nhà trống
60 m²,5.3 tỷ,8 m,5,5,Sổ hồng,5,7.5 m,Đang ở
65 m²,4.2 tỷ,3.8 m,2,2,Sổ hồng,1,17.6 m,Đang ở
100 m²,3.9 tỷ,5 m,2,1,Sổ đỏ,1,20 m,Nhà trống
86 m²,5.3 tỷ,5 m,3,2,Sổ hồng,2,17 m,Nhà trống
100 m²,5.39 tỷ,5 m,3,2,Sổ hồng,2,20 m,Nhà trống
102 m²,11.8 tỷ,6 m,5,5,Sổ đỏ,5,17 m,Nhà trống
75 m²,3.5 tỷ,7.5 m,5,3,Sổ hồng,2,10 m,Nhà trống
640 m²,42 tỷ,16 m,5,5,Sổ hồng,2,45 m,Đang ở
92 m²,10.7 tỷ,4.5 m,5,5,Sổ hồng,5,21 m,Đang ở
55 m²,7.5 tỷ,5.5 m,3,3,Sổ hồng,3,10 m,Đang ở
150 m²,13.5 tỷ,5 m,5,5,Sổ hồng,5,30 m,Đang ở
76 m²,5.3 tỷ,5 m,5,5,Sổ hồng,4,15 m,Nhà trống
92 m²,10.7 tỷ,4.5 m,5,5,Sổ hồng,5,21 m,Nhà trống
56 m²,5.5 tỷ,4.5 m,4,3,Sổ hồng,3,12.49 m,Đang ở
60 m²,5.3 tỷ,7.5 m,8,8,Sổ hồng,4,8 m,Đang ở
85 m²,4.5 tỷ,3.7 m,3,4,Sổ hồng,3,25 m,Đang ở
60 m²,4.2 tỷ,4 m,3,3,Sổ hồng,3,15 m,Nhà trống
98 m²,3.3 tỷ,5 m,3,4,Sổ hồng,2,20 m,Đang ở
90 m²,6.9 tỷ,5 m,5,5,Sổ hồng,3,18 m,Đang ở
560 m²,41.9 tỷ,18 m,5,5,Sổ hồng,2,32 m,Nhà trống
125 m²,3.25 tỷ,5 m,,,Sổ hồng,2,25 m,Nhà trống
76 m²,2.85 tỷ,8.9 m,3,3,Sổ hồng,2,8.5 m,Nhà trống
100 m²,4.7 tỷ,5 m,3,2,Sổ đỏ,2,20 m,Nhà trống
138 m²,5.1 tỷ,8 m,4,4,Sổ hồng,3,17 m,Nhà trống
550 m²,42 tỷ,18 m,5,5,Sổ hồng,2,31 m,Nhà trống
75 m²,2.75 tỷ,4 m,5,3,Sổ đỏ,3,18.7 m,Đang ở
79 m²,4.29 tỷ,6 m,3,2,Sổ hồng,2,13 m,Đang ở
137 m²,5.15 tỷ,8 m,4,5,Sổ đỏ,3,18.2 m,Nhà trống
137 m²,5.1 tỷ,8 m,4,5,Sổ đỏ,3,18 m,Nhà trống
98 m²,4.6 tỷ,4.5 m,2,2,Sổ đỏ,2,21.65 m,Nhà trống
100 m²,18.5 tỷ,4.5 m,5,4,Sổ hồng,3,22.4 m,Đang ở
138 m²,5.19 tỷ,8 m,4,4,Sổ hồng,3,17 m,Đang ở
60 m²,4.2 tỷ,4 m,3,3,Sổ hồng,3,15 m,Đang ở
160 m²,18.9 tỷ,9 m,4,5,Sổ đỏ,4,17 m,Nhà trống
24 m²,1.35 tỷ,3 m,2,1,Sổ hồng,2,8 m,Nhà trống
51 m²,3.4 tỷ,4.5 m,2,2,Sổ hồng,1,11.5 m,Đang ở
100 m²,5.3 tỷ,5 m,4,2,Sổ hồng,2,20 m,Nhà trống
60 m²,5.3 tỷ,8 m,5,5,Sổ hồng,5,7.5 m,Đang ở
72 m²,3.9 tỷ,6 m,2,2,Sổ đỏ,,12 m,Đang ở
61 m²,2.75 tỷ,4.3 m,3,3,Sổ đỏ,2,14.2 m,Nhà trống
80 m²,2.58 tỷ,4 m,3,2,Sổ đỏ,2,20 m,Nhà trống
100 m²,5.8 tỷ,5 m,4,4,Sổ đỏ,3,20 m,Nhà trống
33 m²,2.37 tỷ,7 m,2,2,Sổ hồng,2,4.7 m,Đang ở
85 m²,5.5 tỷ,5 m,4,3,Sổ hồng,3,17 m,Nhà trống
31 m²,1.65 tỷ,4 m,2,2,Sổ hồng,2,8 m,Nhà trống
90 m²,6.49 tỷ,5 m,4,4,Sổ đỏ,3,18 m,Đang ở
66 m²,5.8 tỷ,4.2 m,3,2,Sổ hồng,2,16 m,Nhà trống
92 m²,20 tỷ,4.5 m,5,5,Sổ hồng,5,21 m,Nhà trống
53 m²,5.15 tỷ,4.5 m,2,2,Sổ hồng,2,12 m,Nhà trống
92 m²,10.7 tỷ,4.5 m,5,5,Sổ hồng,5,21 m,Đang ở
43 m²,3.3 tỷ,6 m,3,3,Sổ hồng,4,7 m,Đang ở
75 m²,4.2 tỷ,5 m,3,2,Sổ hồng,2,14.99 m,Đang ở
100 m²,5 tỷ,5 m,2,2,Sổ đỏ,2,20 m,Đang ở
70 m²,2.39 tỷ,4.4 m,2,2,Sổ hồng,2,14.8 m,Đang ở
160 m²,19 tỷ,9 m,4,5,Sổ hồng,4,17.6 m,Đang ở
107 m²,14 tỷ,7.5 m,5,5,Sổ hồng,3,14.5 m,Nhà trống
130 m²,16.5 tỷ,7 m,5,5,Sổ hồng,5,18.5 m,Đang ở
65 m²,9.88 tỷ,5 m,4,4,Sổ hồng,3,13 m,Nhà trống
61 m²,2.5 tỷ,5 m,2,2,Sổ hồng,1,12 m,Nhà trống
42 m²,2.55 tỷ,3.7 m,2,2,Sổ hồng,2,12 m,Nhà trống
51 m²,2.05 tỷ,4.5 m,2,2,Sổ hồng,1,11.5 m,Đang ở
30 m²,1.37 tỷ,4 m,1,1,Sổ hồng,1,7.5 m,Nhà trống
75 m²,3.5 tỷ,7.5 m,5,3,Sổ hồng,2,10 m,Nhà trống
61 m²,3.95 tỷ,4.5 m,4,3,Sổ đỏ,3,13.6 m,Nhà trống
150 m²,27 tỷ,7 m,5,5,Sổ đỏ,5,22 m,Nhà trống
55 m²,2.75 tỷ,4 m,3,2,Sổ đỏ,2,13.7 m,Nhà trống
58 m²,3.19 tỷ,4 m,3,2,Sổ hồng,2,14 m,Đang ở
67 m²,3.25 tỷ,4.5 m,3,3,Sổ đỏ,3,15 m,Nhà trống
110 m²,12.2 tỷ,6 m,4,3,Sổ hồng,3,20 m,Nhà trống
65 m²,9.88 tỷ,5 m,4,4,Sổ hồng,3,13 m,Nhà trống
43 m²,3.29 tỷ,4.5 m,3,2,Sổ đỏ,2,9.6 m,Đang ở
58 m²,3.19 tỷ,4 m,3,2,Sổ hồng,2,14 m,Nhà trống
56 m²,8 tỷ,4 m,2,2,Sổ hồng,3,14.2 m,Đang ở
55 m²,2.59 tỷ,5 m,2,1,Sổ hồng,2,11 m,Nhà trống
61 m²,2.5 tỷ,5 m,2,2,Sổ hồng,1,12 m,Đang ở
60 m²,2.5 tỷ,5 m,2,1,Sổ hồng,1,12 m,Nhà trống
83 m²,3.6 tỷ,5 m,3,2,Sổ đỏ,2,16.5 m,Đang ở
80 m²,4.2 tỷ,6 m,3,3,Sổ đỏ,3,9 m,Đang ở
46 m²,3.75 tỷ,5 m,4,4,Sổ đỏ,3,9.2 m,Nhà trống
98 m²,2.69 tỷ,5 m,3,2,Sổ đỏ,2,19.5 m,Nhà trống
84 m²,2.35 tỷ,5 m,2,1,Sổ đỏ,1,16.8 m,Đang ở
163 m²,13.2 tỷ,7.1 m,4,4,Sổ đỏ,3,22.84 m,Nhà trống
110 m²,12.2 tỷ,6 m,4,3,Sổ hồng,3,20 m,Nhà trống
83 m²,5.1 tỷ,5 m,4,4,Sổ hồng,1,16.5 m,Nhà trống
160 m²,7.1 tỷ,1 m,,,Sổ đỏ,2,1 m,Nhà trống
52 m²,3.05 tỷ,4.1 m,3,2,Sổ đỏ,2,12.5 m,Nhà trống
270 m²,260 tỷ,15 m,5,5,Sổ đỏ,5,18 m,Đang ở
55 m²,2.6 tỷ,5 m,2,1,Sổ hồng,2,11 m,Đang ở
84 m²,3.29 tỷ,4.6 m,2,3,Sổ hồng,2,18.3 m,Nhà trống
45 m²,2.75 tỷ,4 m,2,2,Sổ hồng,2,11 m,Nhà trống
40 m²,2.4 tỷ,4 m,3,2,Sổ hồng,2,10 m,Nhà trống
31 m²,1.75 tỷ,8 m,2,1,Sổ hồng,2,4 m,Đang ở
100 m²,5.29 tỷ,5.5 m,2,2,Sổ hồng,2,17.5 m,Đang ở
75 m²,11 tỷ,4.5 m,3,3,Sổ hồng,3,16.5 m,Nhà trống
40 m²,2.45 tỷ,4 m,3,2,Sổ hồng,2,10 m,Nhà trống
80 m²,6.5 tỷ,4.5 m,4,3,Sổ hồng,3,17.5 m,Đang ở
83 m²,5.1 tỷ,5 m,4,4,Sổ hồng,1,16.5 m,Đang ở
55 m²,4 tỷ,4.4 m,2,2,Sổ hồng,2,12.5 m,Nhà trống
143 m²,27 tỷ,7 m,5,5,Sổ đỏ,5,21 m,Đang ở
67 m²,2.55 tỷ,6.8 m,2,1,Sổ hồng,2,10 m,Nhà trống
124 m²,14 tỷ,5 m,4,4,Sổ đỏ,3,24.7 m,Nhà trống
50 m²,3 tỷ,4.5 m,2,2,Sổ hồng,2,11.5 m,Nhà trống
160 m²,7.3 tỷ,1 m,1,1,Sổ đỏ,2,1 m,Nhà trống
50 m²,3.8 tỷ,4.1 m,4,4,Sổ hồng,3,12.8 m,Đang ở
77 m²,2.28 tỷ,5.2 m,3,1,Sổ đỏ,2,14.7 m,Đang ở
100 m²,5.5 tỷ,5 m,4,4,Sổ đỏ,3,20 m,Đang ở
45 m²,2.09 tỷ,4 m,2,2,Sổ đỏ,2,11 m,Đang ở
131 m²,20.5 tỷ,5 m,5,5,Sổ đỏ,5,26 m,Đang ở
150 m²,27 tỷ,7.5 m,5,5,Sổ đỏ,5,20 m,Đang ở
118 m²,14.99 tỷ,8 m,4,4,Sổ hồng,3,14 m,Đang ở
67 m²,2.55 tỷ,6.8 m,2,1,Sổ hồng,2,10 m,Đang ở
65 m²,5.3 tỷ,6.4 m,,,Sổ hồng,3,11 m,Đang ở
100 m²,6.4 tỷ,3.3 m,4,4,Sổ hồng,3,25 m,Đang ở
85 m²,6.4 tỷ,3.3 m,4,4,Sổ hồng,3,25 m,Đang ở
54 m²,3.8 tỷ,4 m,3,3,Sổ đỏ,2,13.5 m,Đang ở
64 m²,7.5 tỷ,4 m,5,5,Sổ hồng,4,16 m,Đang ở
85 m²,4.55 tỷ,,4,2,Sổ đỏ,2,,Đang ở
54 m²,2.88 tỷ,4 m,2,2,Sổ hồng,2,14 m,Đang ở
54 m²,2.75 tỷ,3.5 m,3,2,Sổ hồng,2,16 m,Nhà trống
41 m²,2.49 tỷ,4.4 m,1,2,Sổ hồng,2,9 m,Đang ở
70 m²,3.15 tỷ,5 m,2,1,Sổ đỏ,2,14 m,Nhà trống
24 m²,1.75 tỷ,3.3 m,2,1,Sổ đỏ,2,8 m,Nhà trống
63 m²,2.75 tỷ,4.47 m,3,3,Sổ đỏ,2,14 m,Đang ở
100 m²,10 tỷ,6 m,5,5,Sổ đỏ,5,17 m,Đang ở
51 m²,4.3 tỷ,5 m,4,5,Sổ đỏ,4,10.2 m,Đang ở
144 m²,9.8 tỷ,4.6 m,4,4,Sổ đỏ,3,24 m,Đang ở
265 m²,31 tỷ,8 m,5,5,Sổ hồng,5,31.5 m,Đang ở
50 m²,4.2 tỷ,3.5 m,3,2,Sổ hồng,3,15 m,Nhà trống
98 m²,3.8 tỷ,3.5 m,2,2,Sổ hồng,1,23 m,Đang ở
63 m²,2.65 tỷ,5.5 m,3,3,Sổ đỏ,2,11.4 m,Nhà trống
47 m²,2.25 tỷ,3.1 m,2,1,Sổ hồng,1,16 m,Nhà trống
41 m²,2.49 tỷ,4.4 m,1,2,Sổ hồng,2,9 m,Nhà trống
46 m²,2.8 tỷ,3.8 m,5,3,Hợp đồng mua bán,4,12 m,Nhà trống
140 m²,7.8 tỷ,4 m,1,1,Sổ hồng,1,35 m,Đang ở
53 m²,4.15 tỷ,11 m,3,3,Sổ hồng,3,5 m,Nhà trống
69 m²,4.8 tỷ,4.3 m,4,3,Sổ hồng,3,16 m,Đang ở
85 m²,8.9 tỷ,9.3 m,5,5,Sổ hồng,5,9 m,Nhà trống
69 m²,4.8 tỷ,4.3 m,4,3,Sổ hồng,3,16 m,Đang ở
60 m²,3.39 tỷ,5 m,2,1,Sổ hồng,2,12 m,Nhà trống
91 m²,12 tỷ,4.3 m,3,3,Sổ hồng,3,19 m,Nhà trống
75 m²,4.8 tỷ,5 m,2,2,Sổ hồng,2,15 m,Đang ở
88 m²,4.7 tỷ,5 m,,,Sổ đỏ,,17.5 m,Nhà trống
98 m²,2.88 tỷ,,3,3,Sổ đỏ,1,,Đang ở
56 m²,4.6 tỷ,4.4 m,3,4,Sổ hồng,4,12 m,Nhà trống
75 m²,2.3 tỷ,5 m,3,3,Sổ hồng,1,12 m,Nhà trống
75 m²,2.3 tỷ,5 m,3,3,Sổ hồng,1,12 m,Đang ở
560 m²,12.5 tỷ,20 m,5,5,Sổ hồng,2,28 m,Nhà trống
56 m²,4.6 tỷ,4.4 m,3,4,Sổ hồng,4,12 m,Nhà trống
134 m²,10.4 tỷ,,,,Sổ đỏ,2,,Nhà trống
58 m²,3.39 tỷ,5 m,3,2,Sổ đỏ,2,12 m,Nhà trống
72 m²,4.85 tỷ,4.5 m,3,3,Sổ đỏ,3,16 m,Nhà trống
89 m²,3.68 tỷ,5 m,2,2,Sổ đỏ,2,17 m,Đang ở
62 m²,2.75 tỷ,45 m,3,2,Sổ hồng,2,14 m,Đang ở
55 m²,5.45 tỷ,3.7 m,4,3,Sổ đỏ,2,15 m,Nhà trống
28 m²,1.58 tỷ,3.1 m,2,2,Sổ hồng,2,9 m,Đang ở
120 m²,3.5 tỷ,4.1 m,3,4,Sổ hồng,3,16 m,Đang ở
86 m²,8.9 tỷ,9.3 m,5,5,Sổ hồng,5,9 m,Đang ở
35 m²,3.2 tỷ,5 m,2,2,Sổ hồng,2,7 m,Đang ở
120 m²,3.5 tỷ,4.1 m,3,4,Sổ hồng,3,16 m,Nhà trống
85 m²,6.65 tỷ,5 m,3,4,Sổ đỏ,3,17 m,Nhà trống
50 m²,3.75 tỷ,4 m,3,3,Sổ hồng,3,12 m,Nhà trống
99 m²,5.7 tỷ,5.5 m,4,5,Sổ hồng,4,18 m,Đang ở
60 m²,13.9 tỷ,4.5 m,4,3,Sổ đỏ,3,14 m,Đang ở
64 m²,3.1 tỷ,4 m,3,2,Sổ hồng,3,15 m,Nhà trống
72 m²,4.85 tỷ,4.5 m,3,3,Sổ đỏ,3,16 m,Nhà trống
58 m²,3.39 tỷ,5 m,3,2,Sổ đỏ,2,12 m,Nhà trống
60 m²,3.85 tỷ,8 m,3,4,Sổ đỏ,3,6 m,Đang ở
87 m²,8.7 tỷ,16 m,5,5,Sổ hồng,5,5.4 m,Nhà trống
27 m²,1.69 tỷ,4.7 m,3,2,Sổ hồng,3,6 m,Nhà trống
100 m²,4.09 tỷ,5 m,3,4,Sổ đỏ,3,10 m,Đang ở
180 m²,3.89 tỷ,,,,Sổ đỏ,,,Đang ở
65 m²,3.45 tỷ,3.5 m,3,1,Sổ hồng,1,18 m,Đang ở
90 m²,3.6 tỷ,10 m,2,1,Sổ hồng,1,9 m,Nhà trống
100 m²,7.98 tỷ,5 m,7,7,Sổ hồng,4,,Đang ở
43 m²,3.5 tỷ,4 m,3,3,Sổ đỏ,3,10.7 m,Nhà trống
80 m²,5.6 tỷ,4.2 m,3,2,Sổ hồng,2,18.8 m,Đang ở
31 m²,2.19 tỷ,5 m,3,2,Sổ hồng,2,6.1 m,Nhà trống
99 m²,5.7 tỷ,5.5 m,4,5,Sổ hồng,4,18 m,Nhà trống
85 m²,4.35 tỷ,5 m,4,2,Sổ hồng,2,17 m,Đang ở
61 m²,3.09 tỷ,4 m,3,2,Sổ hồng,2,15 m,Nhà trống
80 m²,7.5 tỷ,5 m,3,3,Sổ đỏ,3,16 m,Đang ở
42 m²,2.65 tỷ,4.8 m,2,2,Sổ hồng,2,8 m,Nhà trống
41 m²,3.85 tỷ,4.5 m,3,3,Sổ hồng,3,9.8 m,Đang ở
85 m²,8.9 tỷ,9.3 m,5,5,Sổ hồng,5,9 m,Nhà trống
55 m²,5.6 tỷ,5.5 m,5,5,Sổ hồng,5,10 m,Nhà trống
55 m²,5.6 tỷ,5.5 m,5,5,Sổ hồng,5,10 m,Nhà trống
460 m²,100 tỷ,22 m,5,5,Sổ đỏ,5,23 m,Đang ở
85 m²,4.35 tỷ,5 m,4,2,Sổ hồng,2,17 m,Nhà trống
120 m²,4.4 tỷ,5 m,3,2,Sổ hồng,2,24 m,Đang ở
125 m²,22.5 tỷ,5 m,5,5,Sổ hồng,5,25 m,Nhà trống
90 m²,26.5 tỷ,5 m,5,5,Sổ đỏ,5,18 m,Nhà trống
90 m²,26.5 tỷ,5 m,5,5,Sổ đỏ,5,18 m,Đang ở
65 m²,2.8 tỷ,5 m,3,2,Sổ hồng,2,12.5 m,Đang ở
101 m²,25 tỷ,5 m,5,5,Sổ hồng,5,20 m,Nhà trống
80 m²,13.5 tỷ,5 m,5,5,Sổ hồng,5,16 m,Nhà trống
65 m²,2.8 tỷ,5 m,3,2,Sổ hồng,2,12.5 m,Nhà trống
33 m²,2.15 tỷ,3.6 m,2,2,Sổ hồng,2,9.2 m,Đang ở
345 m²,54 tỷ,15 m,5,5,Sổ đỏ,5,23 m,Nhà trống
85 m²,5.7 tỷ,5 m,4,3,Sổ hồng,3,17 m,Đang ở
33 m²,2.15 tỷ,3.6 m,2,2,Sổ hồng,2,9.2 m,Đang ở
54 m²,2.79 tỷ,4 m,3,2,Sổ hồng,3,13 m,Nhà trống
143 m²,7.4 tỷ,5 m,5,5,Sổ đỏ,2,28.5 m,Nhà trống
85 m²,5.7 tỷ,5 m,4,3,Sổ hồng,3,17 m,Nhà trống
30 m²,1.65 tỷ,3 m,2,1,Sổ hồng,2,10 m,Đang ở
30 m²,1.65 tỷ,3 m,2,1,Sổ hồng,2,10 m,Đang ở
131 m²,3.65 tỷ,5 m,3,3,Sổ đỏ,3,26 m,Nhà trống
54 m²,2.59 tỷ,4.5 m,3,3,Sổ đỏ,2,12 m,Đang ở
60 m²,13.9 tỷ,4.5 m,3,3,Sổ hồng,3,13.4 m,Nhà trống
64 m²,3.25 tỷ,8.2 m,3,3,Sổ đỏ,3,7.8 m,Nhà trống
200 m²,9.95 tỷ,20 m,5,5,Sổ hồng,4,10 m,Nhà trống
60 m²,13.9 tỷ,4.5 m,3,3,Sổ hồng,3,13.4 m,Đang ở
47 m²,2.15 tỷ,3.7 m,2,1,Sổ hồng,2,15 m,Đang ở
125 m²,22.5 tỷ,5 m,5,5,Sổ hồng,5,25 m,Đang ở
44 m²,2.45 tỷ,6.5 m,2,2,Sổ hồng,2,7 m,Nhà trống
73 m²,5.1 tỷ,8 m,4,3,Sổ hồng,3,9 m,Đang ở
350 m²,28.5 tỷ,8.4 m,5,5,Sổ hồng,4,42 m,Đang ở
184 m²,12.9 tỷ,5.25 m,5,5,Sổ đỏ,4,35 m,Nhà trống
72 m²,2.42 tỷ,4.1 m,2,1,Sổ hồng,1,18 m,Nhà trống
125 m²,22.5 tỷ,5 m,5,5,Sổ hồng,5,25 m,Đang ở
35 m²,1.95 tỷ,3.1 m,2,2,Sổ hồng,2,10.5 m,Nhà trống
57 m²,3.6 tỷ,,3,4,Sổ đỏ,3,,Đang ở
150 m²,1.75 tỷ,10 m,2,1,Sổ hồng,1,15 m,
85 m²,6.69 tỷ,3.3 m,4,4,Sổ hồng,3,25 m,Nhà trống
59 m²,3.39 tỷ,5.2 m,2,1,Sổ hồng,2,12 m,Đang ở
41 m²,2.59 tỷ,4.5 m,2,2,Sổ hồng,2,8 m,Nhà trống
25 m²,1.6 tỷ,3.2 m,1,1,Sổ hồng,2,8 m,Nhà trống
50 m²,9.8 tỷ,4.3 m,5,5,Sổ hồng,5,11 m,Nhà trống
65 m²,5.1 tỷ,5 m,2,2,Sổ hồng,1,13 m,Đang ở
58 m²,5 tỷ,7 m,3,3,Sổ hồng,3,8.5 m,Đang ở
129 m²,14.5 tỷ,7 m,3,4,Sổ đỏ,3,18.4 m,Đang ở
6 m²,7.5 tỷ,13 m,,,Sổ đỏ,1,,Đang ở
40 m²,1.88 tỷ,8 m,2,2,Sổ hồng,2,5 m,Đang ở
72 m²,4.89 tỷ,4.5 m,4,4,Sổ đỏ,3,16 m,Nhà trống
88 m²,3.6 tỷ,5 m,3,3,Sổ đỏ,2,17.5 m,Đang ở
135 m²,21 tỷ,8.8 m,4,5,Sổ hồng,3,14 m,Nhà trống
63 m²,4.75 tỷ,4.8 m,2,1,Sổ hồng,1,13.5 m,Nhà trống
170 m²,14.6 tỷ,10 m,5,5,Sổ hồng,3,17 m,Đang ở
100 m²,5.3 tỷ,5 m,4,4,Sổ đỏ,1,20 m,Đang ở
115 m²,10.5 tỷ,5 m,5,5,Sổ hồng,5,23 m,Đang ở
67 m²,2.55 tỷ,6.8 m,2,1,Sổ hồng,2,10 m,Đang ở
31 m²,2.05 tỷ,3 m,2,2,Sổ hồng,2,10 m,Đang ở
385 m²,55 tỷ,11.2 m,5,,Sổ đỏ,3,35 m,Nhà trống
107 m²,18 tỷ,5 m,3,2,Sổ đỏ,3,21 m,Nhà trống
100 m²,6.25 tỷ,5 m,3,2,Sổ đỏ,2,20 m,Đang ở
100 m²,6.25 tỷ,5 m,3,2,Sổ đỏ,2,20 m,Nhà trống
66 m²,4.1 tỷ,4 m,3,2,Sổ hồng,3,16.5 m,Đang ở
20 m²,1.55 tỷ,4 m,2,1,Sổ hồng,2,5 m,Đang ở
100 m²,6.1 tỷ,7 m,3,2,Sổ hồng,2,14.5 m,Nhà trống
54 m²,3.29 tỷ,4.8 m,2,2,Sổ hồng,2,11 m,Đang ở
50 m²,3.6 tỷ,4.3 m,2,2,Sổ hồng,2,12.7 m,Nhà trống
96 m²,3 tỷ,5 m,3,2,Sổ hồng,2,19.5 m,Đang ở
108 m²,18 tỷ,5 m,3,3,Sổ hồng,3,21 m,Đang ở
40 m²,1.88 tỷ,8 m,2,2,Sổ hồng,2,5 m,Đang ở
5 m²,8.95 tỷ,6 m,4,3,Sổ đỏ,3,15.5 m,Đang ở
56 m²,4.6 tỷ,6 m,3,3,Sổ đỏ,3,,Đang ở
65 m²,9.9 tỷ,5 m,4,4,Sổ hồng,3,13 m,Nhà trống
92 m²,8.95 tỷ,6 m,3,3,Sổ đỏ,3,15.5 m,Nhà trống
35 m²,3.29 tỷ,5 m,2,2,Sổ hồng,3,7 m,Đang ở
66 m²,4.1 tỷ,4 m,3,2,Sổ hồng,3,16.5 m,Đang ở
72 m²,4.2 tỷ,4.5 m,2,1,Sổ hồng,1,16 m,Nhà trống
42 m²,1.63 tỷ,5 m,2,1,Sổ hồng,1,8.1 m,Nhà trống
100 m²,6.95 tỷ,5 m,4,4,Sổ đỏ,3,20 m,Nhà trống
140 m²,62 tỷ,7 m,5,5,Sổ đỏ,5,20 m,Nhà trống
80 m²,8.5 tỷ,5 m,3,4,Sổ đỏ,4,18 m,Đang ở
95 m²,9.95 tỷ,5 m,3,3,Sổ hồng,2,19.4 m,Đang ở
95 m²,6.59 tỷ,5 m,3,3,Sổ hồng,3,19 m,Đang ở
45 m²,2.09 tỷ,4 m,2,2,Sổ hồng,2,11 m,Nhà trống
230 m²,18.9 tỷ,8 m,5,5,Sổ hồng,3,20 m,Đang ở
64 m²,13.5 tỷ,1 m,3,2,Sổ đỏ,3,1 m,Nhà trống
62 m²,2.48 tỷ,5.5 m,2,2,Sổ hồng,2,11 m,Đang ở
64 m²,13.5 tỷ,1 m,3,2,Sổ đỏ,3,1 m,Nhà trống
88 m²,4.3 tỷ,7 m,2,2,Sổ hồng,1,12.5 m,Nhà trống
132 m²,20.5 tỷ,5 m,5,5,Sổ hồng,5,26 m,Đang ở
54 m²,3.29 tỷ,4.8 m,2,2,Sổ hồng,2,11 m,Nhà trống
45 m²,2.09 tỷ,4 m,2,2,Sổ hồng,2,11 m,Đang ở
60 m²,2.55 tỷ,5 m,2,1,Sổ đỏ,1,12 m,Nhà trống
96 m²,9.99 tỷ,5 m,3,3,Sổ hồng,2,19.5 m,Nhà trống
50 m²,3.2 tỷ,4.2 m,3,2,Sổ hồng,3,14 m,Đang ở
50 m²,5.5 tỷ,4.3 m,2,2,Sổ hồng,2,14 m,Nhà trống
60 m²,2.55 tỷ,5 m,2,2,Sổ hồng,2,12 m,Nhà trống
70 m²,2.45 tỷ,4.5 m,2,2,Sổ hồng,2,14.7 m,Nhà trống
108 m²,9.5 tỷ,6.5 m,5,5,Sổ hồng,4,17 m,Nhà trống
90 m²,10.9 tỷ,4 m,5,5,Sổ hồng,5,22.2 m,Đang ở
120 m²,9.99 tỷ,6 m,3,4,Sổ hồng,3,20 m,Nhà trống
47 m²,2.39 tỷ,4 m,3,2,Sổ hồng,2,12 m,Nhà trống
80 m²,5.76 tỷ,4.5 m,3,4,Sổ hồng,3,18 m,Nhà trống
50 m²,3.2 tỷ,4.2 m,3,2,Sổ hồng,3,14 m,Nhà trống
92 m²,13 tỷ,5 m,5,5,Sổ hồng,5,18.3 m,Đang ở
122 m²,12.5 tỷ,7 m,5,5,Sổ hồng,5,18 m,Đang ở
129 m²,14.5 tỷ,7 m,3,4,Sổ đỏ,3,18.4 m,Đang ở
258 m²,39.5 tỷ,10 m,3,2,Sổ đỏ,3,25.8 m,Đang ở
258 m²,39.5 tỷ,10 m,3,2,Sổ đỏ,3,25.8 m,Nhà trống
70 m²,2.35 tỷ,4.5 m,3,2,Sổ đỏ,2,16 m,Đang ở
67 m²,3.58 tỷ,5 m,3,3,Sổ đỏ,3,13 m,Đang ở
70 m²,4.25 tỷ,4.8 m,3,4,Sổ hồng,2,14.8 m,Nhà trống
50 m²,3.2 tỷ,4.2 m,3,2,Sổ hồng,3,14 m,Nhà trống
100 m²,6.79 tỷ,3.3 m,4,4,Sổ hồng,3,30 m,Đang ở
66 m²,4.3 tỷ,4.4 m,2,2,Sổ đỏ,2,15.4 m,Đang ở
100 m²,6.5 tỷ,5 m,5,5,Sổ đỏ,4,20 m,Đang ở
60 m²,3.39 tỷ,5 m,2,1,Sổ hồng,2,12 m,Nhà trống
100 m²,6.79 tỷ,3.3 m,4,4,Sổ hồng,3,30 m,Đang ở
56 m²,3.8 tỷ,4.1 m,3,2,Sổ đỏ,2,13 m,Nhà trống
58 m²,9.7 tỷ,,3,3,Sổ hồng,3,,Nhà trống
96 m²,1.52 tỷ,5 m,2,1,Sổ hồng,1,19 m,
43 m²,1.78 tỷ,4 m,2,2,Sổ hồng,2,11 m,Đang ở
55 m²,6.7 tỷ,4 m,3,3,Sổ hồng,3,14 m,Đang ở
77 m²,3.05 tỷ,7 m,2,1,Sổ đỏ,1,11.1 m,Nhà trống
150 m²,9.5 tỷ,6 m,1,1,Sổ hồng,1,26 m,Đang ở
134 m²,3.75 tỷ,6.4 m,5,5,Sổ hồng,3,22 m,Nhà trống
100 m²,5.3 tỷ,5 m,3,3,Sổ hồng,1,20 m,Đang ở
59 m²,3.39 tỷ,5 m,2,1,Sổ hồng,2,12 m,Đang ở
53 m²,2.19 tỷ,3.2 m,2,2,Sổ hồng,2,16 m,Đang ở
39 m²,1.79 tỷ,4 m,2,1,Sổ hồng,1,10 m,Đang ở
30 m²,2.39 tỷ,5 m,2,2,Sổ hồng,2,6 m,Nhà trống
70 m²,9.5 tỷ,5 m,5,5,Sổ hồng,4,14.2 m,Nhà trống
52 m²,5.95 tỷ,4.8 m,4,4,Sổ đỏ,4,11 m,Đang ở
95 m²,3.6 tỷ,8 m,3,2,Sổ hồng,2,11.5 m,Có nội thất
46 m²,1.99 tỷ,3.5 m,2,1,Sổ đỏ,2,13.5 m,Đang ở
72 m²,3.95 tỷ,5 m,3,3,Sổ đỏ,3,14.5 m,Đang ở
65 m²,9.9 tỷ,5 m,4,4,Sổ hồng,3,13 m,Nhà trống
67 m²,2.45 tỷ,4.5 m,2,2,Sổ hồng,2,14.5 m,Nhà trống
58 m²,3.39 tỷ,5.4 m,2,2,Sổ hồng,2,10.5 m,Nhà trống
97 m²,6.29 tỷ,5 m,3,2,Sổ đỏ,2,19.3 m,Đang ở
77 m²,2.28 tỷ,5 m,3,2,Sổ đỏ,2,15 m,Nhà trống
83 m²,2.35 tỷ,5.5 m,2,2,Sổ đỏ,2,15 m,Nhà trống
85 m²,6.65 tỷ,5 m,3,4,Sổ đỏ,3,17 m,Nhà trống
65 m²,9.9 tỷ,5 m,4,4,Sổ hồng,3,13 m,Nhà trống
58 m²,8.8 tỷ,4.5 m,5,5,Sổ hồng,5,14 m,Nhà trống
210 m²,14.1 tỷ,6.5 m,5,5,Sổ hồng,3,26 m,Đang ở
31 m²,1.68 tỷ,3 m,2,1,Sổ hồng,2,10 m,Nhà trống
134 m²,3.75 tỷ,6.4 m,5,5,Sổ hồng,3,22 m,Đang ở
90 m²,10.8 tỷ,4.5 m,1,2,Sổ đỏ,1,20 m,Nhà trống
172 m²,8.2 tỷ,5 m,2,1,Sổ đỏ,1,34 m,Đang ở
95 m²,6.1 tỷ,5 m,3,3,Sổ hồng,3,19.5 m,Đang ở
50 m²,10.1 tỷ,4.3 m,5,5,Sổ hồng,5,11 m,Nhà trống
93 m²,2.45 tỷ,5 m,3,2,Sổ đỏ,2,18.5 m,Đang ở
45 m²,2.85 tỷ,7 m,3,3,Sổ đỏ,3,6.5 m,Nhà trống
134 m²,3.75 tỷ,6.4 m,5,5,Sổ hồng,3,22 m,Nhà trống
100 m²,4.3 tỷ,5 m,3,3,Sổ hồng,2,20 m,Đang ở
50 m²,10.1 tỷ,4.3 m,5,5,Sổ hồng,5,11 m,Đang ở
75 m²,3.85 tỷ,5 m,3,2,Sổ hồng,2,15 m,Đang ở
76 m²,3.05 tỷ,7 m,2,1,Sổ đỏ,1,11 m,Nhà trống
60 m²,6.1 tỷ,4 m,3,2,Sổ đỏ,2,15 m,Đang ở
125 m²,3.6 tỷ,5 m,2,1,Sổ đỏ,2,25 m,Đang ở
45 m²,3.9 tỷ,4 m,3,3,Sổ đỏ,3,11 m,Đang ở
55 m²,5.45 tỷ,3.7 m,4,3,Sổ đỏ,2,15 m,Đang ở
85 m²,4.99 tỷ,5 m,3,2,Sổ hồng,2,17 m,Nhà trống
33 m²,2.37 tỷ,7 m,2,2,Sổ đỏ,3,4.7 m,Đang ở
62 m²,2.54 tỷ,5 m,2,2,Sổ hồng,2,12.8 m,Đang ở
75 m²,3.5 tỷ,5 m,2,2,Sổ hồng,2,15 m,Nhà trống
128 m²,11.2 tỷ,5.1 m,1,2,Sổ hồng,2,25.3 m,Nhà trống
58 m²,8.8 tỷ,4.3 m,5,5,Sổ hồng,5,14 m,Nhà trống
81 m²,5.3 tỷ,4.5 m,3,2,Sổ hồng,2,19 m,Đang ở
81 m²,5.6 tỷ,4.5 m,3,3,Sổ hồng,3,19 m,Đang ở
89 m²,3.1 tỷ,4.5 m,3,2,Sổ đỏ,2,19.7 m,Đang ở
63 m²,2.75 tỷ,4.5 m,3,2,Sổ đỏ,2,14 m,Nhà trống
101 m²,6.49 tỷ,4.7 m,5,5,Sổ hồng,3,20 m,Nhà trống
67 m²,2.45 tỷ,4.5 m,2,2,Sổ hồng,2,14.5 m,Đang ở
70 m²,4.2 tỷ,5 m,3,3,Sổ hồng,3,14 m,Nhà trống
105 m²,9.2 tỷ,4 m,5,4,Sổ hồng,3,26 m,Nhà trống
95 m²,6.1 tỷ,5 m,2,3,Sổ đỏ,3,19 m,Đang ở
450 m²,49.99 tỷ,15.2 m,4,4,Sổ đỏ,2,20 m,Nhà trống
36 m²,3.15 tỷ,4 m,2,2,Sổ đỏ,2,9 m,Đang ở
72 m²,5.45 tỷ,4.5 m,3,4,Sổ đỏ,3,16 m,Đang ở
95 m²,9.6 tỷ,5 m,5,5,Sổ đỏ,5,19 m,Đang ở
95 m²,6 tỷ,5 m,2,3,Sổ đỏ,3,19 m,Đang ở
62 m²,2.65 tỷ,4.5 m,3,2,Sổ đỏ,2,13.8 m,Đang ở
72 m²,2.7 tỷ,4.5 m,3,2,Sổ đỏ,2,16 m,Đang ở
100 m²,6.5 tỷ,4.5 m,5,5,Sổ hồng,3,20 m,Nhà trống
67 m²,2.45 tỷ,4.5 m,2,2,Sổ hồng,2,14.5 m,Nhà trống
28 m²,1.55 tỷ,3.1 m,2,2,Sổ hồng,2,9 m,Nhà trống
93 m²,4.69 tỷ,4.5 m,3,3,Sổ hồng,3,20 m,Nhà trống
73 m²,5.5 tỷ,5 m,3,2,Sổ hồng,2,14.5 m,Đang ở
67 m²,2.45 tỷ,4.5 m,2,2,Sổ hồng,2,15 m,Nhà trống
123 m²,11 tỷ,5 m,3,2,Sổ đỏ,2,24.6 m,Nhà trống
65 m²,2.85 tỷ,5 m,2,2,Sổ đỏ,2,13.5 m,Nhà trống
70 m²,5.65 tỷ,4.5 m,3,3,Sổ hồng,3,15.7 m,Đang ở
50 m²,2.78 tỷ,3.6 m,2,2,Sổ đỏ,2,13 m,Đang ở
81 m²,5.6 tỷ,4.5 m,4,3,Sổ hồng,3,18 m,Nhà trống
90 m²,7.5 tỷ,4.5 m,5,4,Sổ hồng,3,20 m,Nhà trống
100 m²,9.5 tỷ,5 m,4,4,Sổ đỏ,3,20 m,Đang ở
74 m²,5.15 tỷ,4.5 m,4,5,Sổ đỏ,4,16.3 m,Nhà trống
41 m²,1.89 tỷ,4 m,2,1,Sổ đỏ,2,10 m,Nhà trống
75 m²,4.35 tỷ,5 m,3,4,Sổ đỏ,3,15 m,Nhà trống
61 m²,3.19 tỷ,4.26 m,3,3,Sổ đỏ,3,14.3 m,Đang ở
116 m²,12.8 tỷ,8 m,2,1,Sổ hồng,1,14.5 m,Đang ở
36 m²,2.3 tỷ,4.5 m,3,2,Sổ hồng,3,8 m,Đang ở
190 m²,4.3 tỷ,7 m,3,2,Sổ hồng,1,27 m,Nhà trống
68 m²,3.2 tỷ,4.7 m,3,3,Sổ đỏ,3,15 m,Đang ở
54 m²,4.65 tỷ,4.5 m,3,4,Sổ đỏ,3,12 m,Nhà trống
150 m²,17 tỷ,7 m,5,5,Sổ đỏ,5,20 m,Đang ở
150 m²,17 tỷ,7 m,5,5,Sổ đỏ,5,20 m,Nhà trống
64 m²,4.35 tỷ,3.6 m,4,3,Sổ hồng,3,18.3 m,Đang ở
96 m²,10.99 tỷ,5 m,3,3,Sổ hồng,2,19.5 m,Đang ở
83 m²,15.2 tỷ,5 m,5,4,Sổ hồng,4,15 m,Nhà trống
90 m²,7.5 tỷ,5 m,,,Sổ đỏ,,18 m,Nhà trống
81 m²,6.5 tỷ,4.5 m,3,3,Sổ hồng,3,18 m,Đang ở
60 m²,6.5 tỷ,4 m,3,3,Sổ đỏ,3,15 m,Nhà trống
180 m²,13.45 tỷ,10 m,4,5,Sổ hồng,2,18 m,Nhà trống
100 m²,5.7 tỷ,5.5 m,4,4,Sổ hồng,3,18 m,Nhà trống
145 m²,17.5 tỷ,7 m,5,5,Sổ hồng,5,20.5 m,Đang ở
24 m²,1.75 tỷ,4 m,2,2,Sổ hồng,2,6 m,Đang ở
42 m²,2.75 tỷ,4.8 m,2,2,Sổ hồng,2,8 m,Nhà trống
63 m²,3.15 tỷ,4.5 m,3,3,Sổ đỏ,2,14 m,Nhà trống
132 m²,20.5 tỷ,5 m,5,5,Sổ hồng,5,26 m,Đang ở
76 m²,2.99 tỷ,5 m,3,3,Sổ đỏ,2,15.1 m,Nhà trống
131 m²,20.5 tỷ,5 m,5,5,Sổ đỏ,5,26 m,Đang ở
72 m²,4.85 tỷ,4.5 m,4,4,Sổ đỏ,3,16 m,Đang ở
72 m²,4.2 tỷ,4.5 m,2,1,Sổ hồng,1,16 m,Nhà trống
190 m²,7.5 tỷ,8.5 m,3,3,Sổ hồng,2,20 m,Nhà trống
96 m²,12.99 tỷ,5 m,4,3,Sổ hồng,3,19.5 m,Đang ở
42 m²,2.75 tỷ,4.8 m,2,2,Sổ hồng,2,8 m,Nhà trống
145 m²,17.5 tỷ,7 m,5,5,Sổ hồng,5,20.5 m,Nhà trống
72 m²,4.2 tỷ,4.5 m,2,1,Sổ hồng,1,16 m,Nhà trống
85 m²,6.85 tỷ,5 m,4,4,Sổ hồng,3,17 m,Nhà trống
49 m²,4.9 tỷ,5.2 m,4,3,Sổ hồng,4,9 m,Đang ở
55 m²,5.45 tỷ,3.5 m,4,3,Sổ hồng,2,16 m,Nhà trống
48 m²,4.9 tỷ,5.2 m,4,3,Sổ hồng,4,9 m,Nhà trống
100 m²,6.5 tỷ,5 m,3,3,Sổ đỏ,3,20 m,Đang ở
43 m²,3.45 tỷ,4.4 m,3,3,Sổ đỏ,4,9.8 m,Nhà trống
41 m²,3.35 tỷ,4 m,3,3,Sổ đỏ,3,10 m,Nhà trống
67 m²,3.58 tỷ,5 m,3,3,Sổ đỏ,3,13 m,Đang ở
38 m²,2.35 tỷ,5 m,3,3,Sổ hồng,3,8 m,Nhà trống
42 m²,3.35 tỷ,4 m,3,2,Sổ hồng,3,10.5 m,Đang ở
26 m²,1.75 tỷ,3.5 m,2,2,Sổ hồng,2,8 m,Nhà trống
48 m²,4.9 tỷ,5.2 m,4,3,Sổ hồng,4,9 m,Đang ở
35 m²,3.2 tỷ,5 m,2,2,Sổ đỏ,3,7 m,Nhà trống
53 m²,2.45 tỷ,4 m,2,2,Sổ đỏ,2,13 m,Đang ở
31 m²,2.15 tỷ,4 m,2,2,Sổ đỏ,2,8 m,Đang ở
50 m²,4.3 tỷ,5 m,4,3,Sổ đỏ,4,10 m,Nhà trống
82 m²,2.35 tỷ,5.5 m,2,1,Sổ đỏ,1,14.7 m,Đang ở
70 m²,2.35 tỷ,5.5 m,2,2,Sổ đỏ,,12.7 m,Nhà trống
85 m²,5.85 tỷ,5 m,3,3,Sổ hồng,4,17.51 m,Nhà trống
95 m²,6.6 tỷ,5 m,3,3,Sổ đỏ,3,19 m,Nhà trống
81 m²,5.8 tỷ,4.5 m,3,3,Sổ đỏ,3,18 m,Đang ở
89 m²,4.6 tỷ,,,,Sổ đỏ,,,Đang ở
52 m²,4.75 tỷ,4.5 m,4,5,Sổ hồng,3,12 m,Đang ở
58 m²,1.67 tỷ,4.5 m,2,1,Sổ hồng,2,12.8 m,Đang ở
58 m²,1.95 tỷ,4.5 m,3,1,Sổ hồng,2,12.9 m,Đang ở
58 m²,1.95 tỷ,4.5 m,3,1,Sổ hồng,2,12.8 m,Đang ở
65 m²,4.5 tỷ,5 m,2,2,Sổ đỏ,1,13 m,Đang ở
70 m²,2.35 tỷ,5.5 m,2,2,Sổ đỏ,,12.7 m,Nhà trống
100 m²,25 tỷ,5 m,5,5,Sổ đỏ,5,20 m,Đang ở
65 m²,4.5 tỷ,5 m,2,2,Sổ đỏ,1,13 m,Nhà trống
61 m²,3.1 tỷ,5.3 m,3,2,Sổ đỏ,2,11.2 m,Đang ở
90 m²,5.8 tỷ,6 m,3,2,Sổ đỏ,2,15 m,Đang ở
96 m²,10.99 tỷ,5 m,3,3,Sổ hồng,2,19.5 m,Nhà trống
62 m²,9.6 tỷ,4 m,4,4,Sổ hồng,4,15.5 m,Đang ở
36 m²,3.15 tỷ,3.4 m,2,2,Sổ hồng,2,10.5 m,Nhà trống
90 m²,2.68 tỷ,7 m,2,1,Sổ hồng,1,13 m,Nhà trống
43 m²,3.45 tỷ,6 m,2,3,Sổ hồng,4,7.2 m,Nhà trống
100 m²,8.95 tỷ,6 m,4,5,Sổ đỏ,3,18 m,Nhà trống
45 m²,4.35 tỷ,3.5 m,2,2,Sổ hồng,3,12 m,Đang ở
56 m²,5.3 tỷ,4 m,3,3,Sổ hồng,3,16 m,Nhà trống
62 m²,9.6 tỷ,4 m,4,4,Sổ hồng,4,15.5 m,Đang ở
67 m²,4.3 tỷ,4.5 m,2,2,Sổ hồng,2,15.5 m,Đang ở
125 m²,16.95 tỷ,5 m,5,5,Sổ hồng,4,25 m,Nhà trống
54 m²,2.35 tỷ,4.5 m,2,1,Sổ hồng,1,12 m,Nhà trống
82 m²,7.9 tỷ,5.1 m,4,3,Sổ hồng,3,16 m,Đang ở
31 m²,2.15 tỷ,3.9 m,2,2,Sổ hồng,2,7.6 m,Đang ở
121 m²,5.3 tỷ,7 m,3,4,Sổ đỏ,2,17.5 m,Đang ở
71 m²,14.5 tỷ,4.2 m,3,4,Sổ đỏ,4,17 m,Nhà trống
100 m²,7 tỷ,3.3 m,4,4,Sổ hồng,3,30 m,Nhà trống
155 m²,12 tỷ,8 m,,,Sổ đỏ,,20 m,Nhà trống
200 m²,28 tỷ,10 m,,,Sổ hồng,,20 m,Nhà trống
40 m²,1.88 tỷ,8 m,2,2,Sổ hồng,2,5 m,Đang ở
212 m²,21.2 tỷ,10 m,5,5,Sổ hồng,3,21.2 m,Nhà trống
100 m²,7 tỷ,5 m,3,3,Sổ đỏ,3,20 m,Nhà trống
125 m²,16.95 tỷ,5 m,5,5,Sổ hồng,4,25 m,Đang ở
83 m²,12.5 tỷ,4.5 m,3,4,Sổ hồng,2,18.4 m,Đang ở
40 m²,2.7 tỷ,5 m,3,3,Sổ đỏ,3,8 m,Nhà trống
96 m²,6.2 tỷ,4.5 m,3,3,Sổ đỏ,3,21.5 m,Đang ở
175 m²,11 tỷ,6.5 m,4,5,Sổ hồng,3,28 m,Nhà trống
100 m²,6.7 tỷ,5 m,4,3,Sổ hồng,3,20 m,Nhà trống
42 m²,2.48 tỷ,8 m,4,3,Sổ hồng,3,5 m,Nhà trống
49 m²,1.78 tỷ,4 m,1,2,Sổ hồng,1,12 m,Nhà trống
40 m²,2.69 tỷ,5 m,3,3,Sổ hồng,3,8 m,Đang ở
58 m²,2.69 tỷ,4.5 m,4,5,Sổ hồng,3,12 m,Đang ở
61 m²,2.8 tỷ,,3,2,Sổ đỏ,2,,Nhà trống
122 m²,5.1 tỷ,5 m,3,4,Sổ đỏ,3,25 m,Đang ở
51 m²,2.6 tỷ,7.5 m,2,2,Sổ hồng,2,6.6 m,Đang ở
200 m²,18 tỷ,10 m,5,5,Sổ đỏ,5,20 m,Nhà trống
210 m²,17.5 tỷ,5 m,5,5,Sổ đỏ,4,42 m,Nhà trống
100 m²,5.7 tỷ,5 m,3,3,Sổ hồng,3,20 m,Đang ở
72 m²,2.17 tỷ,3.6 m,2,1,Sổ hồng,1,20 m,Đang ở
117 m²,3.3 tỷ,4 m,5,5,Sổ hồng,1,28 m,Nhà trống
60 m²,11.5 tỷ,4.3 m,3,3,Sổ hồng,3,14.6 m,Đang ở
43 m²,2.65 tỷ,5.8 m,2,2,Sổ hồng,2,8.4 m,Nhà trống
156 m²,2.15 tỷ,5 m,4,2,Sổ hồng,1,31 m,Đang ở
105 m²,3.45 tỷ,5 m,4,4,Sổ hồng,1,21 m,Đang ở
90 m²,4.69 tỷ,4.5 m,2,2,Sổ hồng,2,20 m,Nhà trống
153 m²,20 tỷ,15.3 m,5,5,Sổ hồng,5,10 m,Nhà trống
81 m²,5.7 tỷ,4.5 m,3,3,Sổ hồng,3,18 m,Đang ở
41 m²,2.45 tỷ,4 m,3,2,Sổ hồng,2,10.2 m,Nhà trống
122 m²,8 tỷ,7.5 m,5,4,Sổ hồng,4,16 m,Đang ở
153 m²,20 tỷ,15.3 m,5,5,Sổ hồng,5,10 m,Nhà trống
75 m²,2.4 tỷ,6.3 m,3,2,Sổ hồng,2,12 m,
43 m²,2.45 tỷ,3.6 m,2,3,Sổ đỏ,2,12 m,Đang ở
100 m²,5.3 tỷ,5 m,3,2,Sổ đỏ,2,20 m,Đang ở
122 m²,8 tỷ,7.5 m,5,4,Sổ hồng,4,16 m,Đang ở
130 m²,11.9 tỷ,6 m,4,3,Sổ đỏ,4,22 m,Đang ở
96 m²,2.55 tỷ,4.5 m,3,2,Sổ hồng,2,20.7 m,Nhà trống
60 m²,4.5 tỷ,5 m,4,5,Sổ đỏ,4,11.5 m,Nhà trống
51 m²,3.15 tỷ,6.7 m,3,3,Sổ đỏ,3,7.6 m,Nhà trống
80 m²,5.75 tỷ,5 m,3,3,Sổ hồng,2,16 m,Nhà trống
70 m²,3.95 tỷ,5 m,3,2,Sổ hồng,2,14 m,Nhà trống
48 m²,3.5 tỷ,4 m,2,2,Sổ hồng,2,14 m,Nhà trống
50 m²,2.78 tỷ,3.6 m,2,2,Sổ hồng,2,12 m,Đang ở
65 m²,4.5 tỷ,4.6 m,2,2,Sổ hồng,2,14 m,Nhà trống
75 m²,2.4 tỷ,6.3 m,3,2,Sổ hồng,2,12 m,Đang ở
121 m²,5.2 tỷ,6.2 m,3,3,Sổ đỏ,3,19.6 m,Đang ở
91 m²,2.75 tỷ,4.1 m,3,2,Sổ đỏ,2,22.1 m,Đang ở
78 m²,3.6 tỷ,6 m,3,2,Sổ đỏ,2,13 m,Nhà trống
100 m²,5.3 tỷ,5 m,3,2,Sổ đỏ,2,20 m,Đang ở
90 m²,7.3 tỷ,5 m,5,5,Sổ đỏ,5,18 m,Nhà trống
124 m²,6 tỷ,5 m,,,Sổ đỏ,1,26 m,Đang ở
43 m²,1.78 tỷ,4 m,2,2,Sổ đỏ,2,14 m,Nhà trống
58 m²,3.4 tỷ,5.4 m,2,2,Sổ hồng,2,10.5 m,Đang ở
91 m²,3.7 tỷ,4 m,4,3,Sổ đỏ,3,22.8 m,Đang ở
78 m²,3.6 tỷ,6 m,3,2,Sổ hồng,2,13 m,Đang ở
48 m²,2.75 tỷ,7 m,3,2,Sổ đỏ,2,7 m,Đang ở
87 m²,5.2 tỷ,,3,2,Sổ đỏ,,,Đang ở
91 m²,3.7 tỷ,4 m,3,3,Sổ hồng,3,22 m,Nhà trống
41 m²,2.45 tỷ,4 m,3,2,Sổ hồng,2,10.2 m,Nhà trống
100 m²,4.28 tỷ,5 m,3,3,Sổ hồng,2,20 m,Nhà trống
158 m²,3.3 tỷ,,3,2,Sổ đỏ,2,,Nhà trống
100 m²,4.25 tỷ,1 m,,,Sổ đỏ,3,1 m,Đang ở
90 m²,6.2 tỷ,5.5 m,3,2,Sổ hồng,2,17 m,Nhà trống
100 m²,5.7 tỷ,5 m,3,3,Sổ hồng,3,20 m,Đang ở
64 m²,2.95 tỷ,8.2 m,3,3,Sổ đỏ,3,7.8 m,Nhà trống
88 m²,7.3 tỷ,7 m,5,5,Sổ đỏ,3,12.5 m,Nhà trống
109 m²,12.5 tỷ,6 m,4,4,Sổ đỏ,3,20 m,Nhà trống
98 m²,2.55 tỷ,6.15 m,3,1,Sổ đỏ,1,15.9 m,Nhà trống
37 m²,3.15 tỷ,3 m,3,3,Sổ đỏ,3,12.5 m,Đang ở
180 m²,6.6 tỷ,5 m,5,5,Sổ đỏ,1,35 m,Nhà trống
50 m²,3.6 tỷ,4.3 m,2,2,Sổ hồng,2,12.7 m,Nhà trống
50 m²,3.6 tỷ,4.3 m,2,2,Sổ hồng,2,12.7 m,Đang ở
134 m²,9.8 tỷ,5.3 m,4,4,Sổ đỏ,3,23 m,Đang ở
118 m²,6.3 tỷ,4.8 m,4,4,Sổ đỏ,2,25 m,Nhà trống
110 m²,6.95 tỷ,4.5 m,3,3,Sổ đỏ,3,24 m,Nhà trống
30 m²,1.89 tỷ,3.9 m,2,2,Sổ hồng,2,8 m,Nhà trống
33 m²,2.37 tỷ,7 m,2,2,Sổ hồng,2,4.7 m,Đang ở
85 m²,4.99 tỷ,5 m,3,2,Sổ hồng,2,17 m,Đang ở
61 m²,3.19 tỷ,4.26 m,3,3,Sổ đỏ,3,14.3 m,Đang ở
67 m²,3.58 tỷ,5 m,3,3,Sổ đỏ,3,13 m,Nhà trống
48 m²,2.75 tỷ,7 m,3,2,Sổ hồng,2,7 m,Đang ở
44 m²,1.52 tỷ,3.8 m,2,1,Sổ hồng,1,12 m,Nhà trống
200 m²,9.6 tỷ,10 m,4,4,Sổ đỏ,2,20 m,Nhà trống
200 m²,38 tỷ,17 m,5,5,Sổ đỏ,5,12 m,Đang ở
30 m²,1.89 tỷ,3.9 m,2,2,Sổ hồng,2,8 m,Đang ở
81 m²,5.7 tỷ,4.5 m,3,3,Sổ hồng,3,18 m,Đang ở
58 m²,3.4 tỷ,5.4 m,2,2,Sổ hồng,2,10.5 m,Đang ở
100 m²,4.3 tỷ,5 m,3,3,Sổ đỏ,3,201 m,Đang ở
200 m²,38 tỷ,17 m,5,5,Sổ đỏ,5,12 m,Nhà trống
50 m²,3.05 tỷ,4.46 m,3,2,Sổ đỏ,3,10.7 m,Nhà trống
160 m²,7.2 tỷ,7 m,3,3,Sổ hồng,2,23 m,Nhà trống
33 m²,2.37 tỷ,7 m,2,2,Sổ hồng,2,4.7 m,Đang ở
460 m²,100 tỷ,20 m,5,5,Sổ đỏ,5,23 m,Nhà trống
230 m²,125 tỷ,10 m,5,5,Sổ đỏ,5,23 m,Đang ở
50 m²,4.3 tỷ,7 m,1,2,Sổ đỏ,2,7.1 m,Nhà trống
200 m²,8.4 tỷ,8 m,2,1,Sổ đỏ,1,24 m,Đang ở
81 m²,5.7 tỷ,4.5 m,3,3,Sổ hồng,3,18 m,Nhà trống
15 m²,1.35 tỷ,3 m,2,1,Sổ hồng,2,5 m,Nhà trống
58 m²,3.4 tỷ,5.4 m,2,2,Sổ hồng,2,10.5 m,Đang ở
32 m²,1.65 tỷ,4 m,1,1,Sổ hồng,1,8 m,Đang ở
100 m²,12.5 tỷ,,3,,Sổ hồng,3,,Nhà trống
72 m²,2.45 tỷ,4.2 m,3,2,Sổ đỏ,2,17 m,Nhà trống
70 m²,2.4 tỷ,4 m,3,2,Sổ hồng,2,17 m,Nhà trống
90 m²,26.5 tỷ,5 m,5,5,Sổ hồng,5,18 m,Đang ở
100 m²,5.5 tỷ,5 m,3,4,Sổ đỏ,2,20 m,Đang ở
40 m²,1.85 tỷ,4 m,2,2,Sổ hồng,2,10 m,Nhà trống
72 m²,5.5 tỷ,4.5 m,3,2,Sổ hồng,2,16 m,Đang ở
148 m²,7 tỷ,5 m,3,3,Sổ đỏ,3,30 m,Đang ở
52 m²,4.39 tỷ,4.8 m,4,3,Sổ hồng,3,11 m,Đang ở
53 m²,2.19 tỷ,3.2 m,2,2,Sổ hồng,2,16 m,Đang ở
52 m²,1.95 tỷ,6 m,1,1,Sổ hồng,1,8.5 m,Nhà trống
156 m²,10.5 tỷ,5 m,5,5,Sổ đỏ,3,31 m,Nhà trống
90 m²,26.5 tỷ,5 m,5,5,Sổ đỏ,5,18 m,Nhà trống
99 m²,3.3 tỷ,10 m,3,2,Sổ hồng,2,10 m,Nhà trống
32 m²,1.69 tỷ,4 m,1,1,Sổ hồng,1,8 m,Nhà trống
81 m²,5.7 tỷ,4.5 m,3,3,Sổ hồng,3,18 m,Nhà trống
72 m²,2.17 tỷ,3.6 m,2,1,Sổ hồng,1,20 m,Đang ở
43 m²,3.5 tỷ,6 m,2,3,Sổ hồng,4,7.2 m,Đang ở
480 m²,30.5 tỷ,18 m,3,4,Sổ hồng,2,27 m,Nhà trống
105 m²,4.6 tỷ,5 m,3,2,Sổ hồng,2,21 m,Nhà trống
90 m²,6.1 tỷ,5 m,3,3,Sổ hồng,3,18 m,Nhà trống
101 m²,7.95 tỷ,,1,1,Sổ đỏ,,,Đang ở
63 m²,4.15 tỷ,4 m,4,5,Sổ đỏ,4,17 m,Đang ở
89 m²,2.39 tỷ,5.2 m,2,2,Sổ đỏ,2,17 m,Đang ở
300 m²,37 tỷ,15 m,4,3,Sổ đỏ,3,20 m,Nhà trống
90 m²,25 tỷ,5 m,5,5,Sổ đỏ,4,18 m,Nhà trống
92 m²,11 tỷ,4.5 m,3,3,Sổ hồng,3,17 m,Đang ở
54 m²,2.85 tỷ,4 m,3,2,Sổ hồng,2,13.5 m,Nhà trống
356 m²,39.5 tỷ,8 m,5,5,Sổ hồng,4,30 m,Nhà trống
54 m²,2.85 tỷ,4 m,3,2,Sổ hồng,2,13.5 m,Nhà trống
70 m²,4.3 tỷ,4 m,3,4,Sổ đỏ,3,16 m,Nhà trống
66 m²,2.25 tỷ,4.6 m,2,1,Sổ đỏ,1,14.3 m,Nhà trống
180 m²,6.5 tỷ,6 m,2,2,Sổ đỏ,1,30 m,Đang ở
210 m²,8.4 tỷ,9 m,2,2,Sổ đỏ,1,22 m,Đang ở
84 m²,2.39 tỷ,6 m,2,2,Sổ hồng,1,14 m,Đang ở
150 m²,21.5 tỷ,7.6 m,5,5,Sổ đỏ,5,20 m,Đang ở
37 m²,2.65 tỷ,7 m,3,3,Sổ hồng,3,5.5 m,Nhà trống
48 m²,1.65 tỷ,8 m,2,2,Sổ hồng,1,6 m,Nhà trống
100 m²,15 tỷ,5 m,5,5,Sổ đỏ,4,20 m,Đang ở
80 m²,2.2 tỷ,5 m,3,2,Sổ đỏ,2,18 m,Đang ở
99 m²,2.65 tỷ,5.7 m,3,1,Sổ hồng,1,17 m,Đang ở
100 m²,14.99 tỷ,5 m,5,5,Sổ hồng,5,20 m,Nhà trống
160 m²,9.2 tỷ,8 m,2,2,Sổ hồng,1,20 m,Nhà trống
99 m²,2.65 tỷ,5.7 m,3,1,Sổ hồng,1,17 m,Đang ở
92 m²,11 tỷ,4.5 m,3,3,Sổ hồng,3,17 m,Đang ở
99 m²,2.65 tỷ,5.7 m,3,1,Sổ hồng,1,17 m,Nhà trống
200 m²,9.6 tỷ,10 m,3,3,Sổ đỏ,2,20 m,Đang ở
76 m²,3.15 tỷ,4.5 m,2,2,Sổ hồng,1,18 m,Đang ở
100 m²,4.4 tỷ,5 m,3,3,Sổ đỏ,2,20 m,Đang ở
100 m²,3.3 tỷ,10 m,3,2,Sổ hồng,2,10 m,Đang ở
160 m²,9.2 tỷ,8 m,2,2,Sổ hồng,1,20 m,Nhà trống
75 m²,3.8 tỷ,5 m,2,2,Sổ đỏ,2,15 m,Nhà trống
90 m²,4.3 tỷ,4.5 m,2,1,Sổ đỏ,1,20 m,Đang ở
70 m²,3.8 tỷ,4 m,4,4,Sổ đỏ,3,19 m,Nhà trống
15 m²,2 tỷ,4 m,2,2,Sổ hồng,3,3.8 m,Đang ở
102 m²,8.99 tỷ,11 m,3,2,Sổ hồng,2,9.2 m,Có nội thất
137 m²,2.6 tỷ,,3,2,Sổ đỏ,2,,Đang ở
76 m²,3.15 tỷ,4.5 m,2,2,Sổ hồng,1,18 m,Nhà trống
152 m²,9.6 tỷ,6.2 m,3,3,Sổ đỏ,2,25 m,Nhà trống
90 m²,15.5 tỷ,5 m,5,5,Sổ đỏ,5,18 m,Nhà trống
120 m²,14.5 tỷ,6 m,4,4,Sổ đỏ,3,20 m,Nhà trống
105 m²,25 tỷ,10 m,1,1,Sổ hồng,1,11 m,Đang ở
200 m²,8.95 tỷ,10 m,4,4,Sổ hồng,3,20 m,Đang ở
90 m²,25.5 tỷ,15 m,3,3,Sổ hồng,2,6 m,Nhà trống
72 m²,5.2 tỷ,4.5 m,4,5,Sổ đỏ,4,16 m,Nhà trống
102 m²,8.99 tỷ,11 m,3,2,Sổ hồng,2,9.2 m,Có nội thất
72 m²,3.02 tỷ,5 m,2,1,Sổ đỏ,2,16 m,Đang ở
350 m²,28.5 tỷ,8.4 m,5,5,Sổ hồng,4,42 m,Đang ở
86 m²,4.99 tỷ,4.5 m,3,3,Sổ đỏ,2,19 m,Nhà trống
86 m²,5.95 tỷ,6 m,4,4,Sổ đỏ,1,15.5 m,Nhà trống
78 m²,4.75 tỷ,5 m,3,4,Sổ đỏ,3,16 m,Đang ở
80 m²,2.85 tỷ,5 m,4,5,Sổ đỏ,1,16 m,Nhà trống
100 m²,7 tỷ,3.3 m,4,4,Sổ đỏ,3,30 m,Đang ở
43 m²,2.25 tỷ,4.23 m,2,1,Sổ đỏ,2,10 m,Nhà trống
60 m²,3.19 tỷ,7 m,,,Sổ đỏ,,12 m,Nhà trống
144 m²,9.8 tỷ,4.6 m,4,4,Sổ đỏ,3,24 m,Đang ở
126 m²,5.5 tỷ,5 m,4,4,Sổ đỏ,1,25 m,Đang ở
180 m²,14.5 tỷ,10 m,4,4,Sổ đỏ,2,18 m,Nhà trống
90 m²,13.5 tỷ,4.5 m,5,5,Sổ hồng,5,20 m,Đang ở
72 m²,2.17 tỷ,3.6 m,2,1,Sổ hồng,1,20 m,Nhà trống
100 m²,4.39 tỷ,5 m,3,2,Sổ hồng,2,20 m,Đang ở
200 m²,8.95 tỷ,10 m,4,4,Sổ hồng,3,20 m,Nhà trống
80 m²,1.85 tỷ,6 m,3,3,Sổ hồng,1,13 m,Nhà trống
133 m²,7.5 tỷ,4 m,4,4,Sổ hồng,2,33 m,Đang ở
65 m²,8.3 tỷ,5.8 m,3,3,Sổ hồng,2,11 m,Đang ở
99 m²,8.5 tỷ,5.2 m,4,,Sổ đỏ,2,19.5 m,Đang ở
148 m²,15.8 tỷ,5.8 m,4,2,Sổ đỏ,2,26 m,Nhà trống
100 m²,3 tỷ,5 m,3,2,Sổ đỏ,2,18 m,Đang ở
60 m²,9.9 tỷ,5 m,3,3,Sổ đỏ,3,12 m,Đang ở
102 m²,20.5 tỷ,4.4 m,2,1,Sổ đỏ,1,18 m,Đang ở
70 m²,4.4 tỷ,5 m,3,3,Sổ hồng,3,14 m,Đang ở
149 m²,5.5 tỷ,7.5 m,3,3,Sổ đỏ,1,19.8 m,Đang ở
91 m²,4.89 tỷ,4.5 m,3,3,Sổ hồng,3,20 m,Đang ở
73 m²,12 tỷ,5.5 m,4,4,Sổ hồng,4,13 m,Đang ở
56 m²,3.3 tỷ,5 m,2,2,Sổ hồng,2,11 m,Nhà trống
200 m²,14.7 tỷ,6.5 m,5,5,Sổ hồng,3,26 m,Đang ở
54 m²,2.7 tỷ,7 m,2,2,Sổ hồng,1,7.5 m,Đang ở
43 m²,1.78 tỷ,4 m,2,2,Sổ hồng,2,11 m,Nhà trống
150 m²,9.5 tỷ,6 m,4,2,Sổ hồng,1,25 m,Nhà trống
100 m²,4.4 tỷ,5 m,3,3,Sổ đỏ,2,20 m,Nhà trống
100 m²,5.3 tỷ,5 m,4,4,Sổ đỏ,1,20 m,Nhà trống
186 m²,10.1 tỷ,8.2 m,5,5,Sổ đỏ,1,23 m,Đang ở
100 m²,9 tỷ,5 m,5,5,Sổ đỏ,4,20 m,Nhà trống
68 m²,2.4 tỷ,4 m,2,2,Sổ đỏ,2,17 m,Đang ở
80 m²,2.49 tỷ,,2,1,Sổ đỏ,,,Đang ở
200 m²,14.7 tỷ,6.5 m,5,5,Sổ hồng,3,26 m,Đang ở
300 m²,15.9 tỷ,15 m,5,5,Sổ hồng,3,20 m,Đang ở
42 m²,9 tỷ,10 m,3,3,Sổ đỏ,3,4.2 m,Đang ở
15 m²,1.35 tỷ,3 m,2,1,Sổ hồng,2,5 m,Đang ở
37 m²,3.15 tỷ,3 m,3,3,Sổ đỏ,3,12.5 m,Đang ở
60 m²,3.7 tỷ,4 m,3,2,Sổ hồng,3,15 m,Đang ở
96 m²,6.2 tỷ,4.5 m,3,3,Sổ hồng,3,21.5 m,Đang ở
214 m²,18 tỷ,,,,Sổ đỏ,,,Nhà trống
186 m²,10.5 tỷ,8.2 m,3,2,Sổ hồng,1,23 m,Đang ở
52 m²,6.8 tỷ,5 m,5,5,Sổ đỏ,5,10.3 m,Nhà trống
80 m²,8.4 tỷ,4 m,4,2,Sổ đỏ,2,20 m,Đang ở
121 m²,5.2 tỷ,7 m,3,3,Sổ đỏ,2,17.5 m,Đang ở
41 m²,1.98 tỷ,4.5 m,2,2,Sổ hồng,2,9 m,Đang ở
200 m²,37 tỷ,13 m,5,5,Sổ hồng,5,15.3 m,Đang ở
55 m²,7 tỷ,5.5 m,4,3,Sổ đỏ,3,10 m,Đang ở
122 m²,5.3 tỷ,7 m,3,3,Sổ hồng,2,17.5 m,Nhà trống
44 m²,1.89 tỷ,5 m,3,3,Sổ hồng,2,9 m,Nhà trống
37 m²,3.4 tỷ,4.5 m,2,2,Sổ hồng,2,8 m,Đang ở
71 m²,5 tỷ,4.2 m,4,4,Sổ hồng,4,17 m,Đang ở
64 m²,4.2 tỷ,5 m,3,3,Sổ hồng,3,13 m,Đang ở
91 m²,4.9 tỷ,4.5 m,3,3,Sổ hồng,3,20 m,Đang ở
84 m²,4.59 tỷ,5 m,3,4,Sổ đỏ,3,16.7 m,Đang ở
100 m²,4.5 tỷ,5 m,,,Sổ hồng,,20 m,Đang ở
186 m²,10.5 tỷ,8.2 m,3,2,Sổ hồng,1,23 m,Đang ở
100 m²,5.4 tỷ,5 m,3,3,Sổ đỏ,2,20 m,Đang ở
52 m²,3.25 tỷ,3.3 m,2,2,Sổ đỏ,2,15 m,Đang ở
55 m²,3.2 tỷ,5.5 m,2,2,Sổ đỏ,2,10 m,Nhà trống
81 m²,13.5 tỷ,4.5 m,5,5,Sổ hồng,5,18 m,Nhà trống
300 m²,17.7 tỷ,10 m,5,5,Sổ đỏ,5,30 m,Đang ở
68 m²,2.55 tỷ,5 m,2,1,Sổ đỏ,1,14 m,Nhà trống
350 m²,28.5 tỷ,8.4 m,5,5,Sổ hồng,4,42 m,Nhà trống
76 m²,4.95 tỷ,6.8 m,5,5,Sổ hồng,4,10 m,Nhà trống
54 m²,3.8 tỷ,5.1 m,3,2,Sổ đỏ,2,11 m,Đang ở
100 m²,5.3 tỷ,5 m,5,5,Sổ đỏ,1,20 m,Đang ở
91 m²,4.9 tỷ,4.5 m,3,3,Sổ hồng,3,20 m,Đang ở
91 m²,4.9 tỷ,4.5 m,3,3,Sổ đỏ,3,20 m,Đang ở
53 m²,2.19 tỷ,3.2 m,2,2,Sổ hồng,2,16 m,Đang ở
70 m²,2.4 tỷ,4 m,3,2,Sổ đỏ,2,17 m,Đang ở
45 m²,3.49 tỷ,,,,Sổ đỏ,3,,Đang ở
71 m²,3.12 tỷ,3 m,2,2,Sổ hồng,1,23.6 m,Nhà trống
107 m²,4.75 tỷ,5 m,2,1,Sổ đỏ,,21.5 m,Nhà trống
125 m²,3.3 tỷ,5 m,2,3,Sổ đỏ,2,25 m,Đang ở
95 m²,7.1 tỷ,4.5 m,4,4,Sổ đỏ,3,21 m,Đang ở
54 m²,4.85 tỷ,6 m,3,2,Sổ hồng,3,9 m,Có nội thất
350 m²,81 tỷ,14 m,4,3,Sổ đỏ,4,24 m,Đang ở
54 m²,4.85 tỷ,6 m,3,3,Sổ hồng,3,9 m,Có nội thất
64 m²,6.5 tỷ,5 m,2,2,Sổ đỏ,2,15 m,Đang ở
207 m²,65 tỷ,,,,Sổ đỏ,4,,Nhà trống
136 m²,5.4 tỷ,5 m,4,4,Sổ hồng,3,28 m,Đang ở
71 m²,5 tỷ,4.2 m,4,4,Sổ hồng,4,17 m,Đang ở
105 m²,5.1 tỷ,4.5 m,3,2,Sổ hồng,2,23 m,Nhà trống
71 m²,3.35 tỷ,5.3 m,2,1,Sổ hồng,1,14.3 m,Nhà trống
76 m²,4.95 tỷ,6.8 m,5,5,Sổ hồng,4,10 m,Nhà trống
100 m²,3.8 tỷ,5 m,3,3,Sổ đỏ,2,20 m,Đang ở
54 m²,2.85 tỷ,4 m,3,2,Sổ đỏ,2,13.5 m,Nhà trống
54 m²,2.39 tỷ,4 m,3,2,Sổ đỏ,2,13.5 m,Đang ở
56 m²,4.7 tỷ,4.5 m,4,4,Sổ đỏ,4,12 m,Đang ở
186 m²,10.5 tỷ,8.2 m,5,5,Sổ đỏ,1,23 m,Nhà trống
54 m²,2.85 tỷ,4 m,3,2,Sổ đỏ,2,13.5 m,Nhà trống
132 m²,20 tỷ,7 m,1,1,Sổ đỏ,1,18 m,Đang ở
99 m²,5.7 tỷ,5.5 m,4,4,Sổ đỏ,4,15 m,Đang ở
"1,068 m²",50 tỷ,9 m,5,5,Sổ đỏ,5,11 m,Đang ở
92 m²,8.9 tỷ,,,,Sổ hồng,3,,Đang ở
131 m²,24 tỷ,6.1 m,5,4,Sổ đỏ,3,23 m,Nhà trống
93 m²,7.99 tỷ,5 m,,,Sổ hồng,,18.5 m,Nhà trống
105 m²,9.3 tỷ,9 m,5,5,Sổ hồng,4,12 m,Nhà trống
37 m²,1.79 tỷ,4 m,2,2,Sổ hồng,2,9.5 m,Nhà trống
76 m²,4.95 tỷ,6.8 m,5,5,Sổ hồng,4,10 m,Nhà trống
170 m²,13.5 tỷ,10 m,5,5,Sổ đỏ,3,,Đang ở
92 m²,8.9 tỷ,6 m,3,3,Sổ hồng,3,15 m,Có nội thất
135 m²,4.1 tỷ,5.4 m,2,2,Sổ hồng,2,25 m,Đang ở
420 m²,72 tỷ,9.7 m,5,5,Sổ hồng,2,43.5 m,Đang ở
90 m²,5.5 tỷ,5 m,2,3,Sổ đỏ,2,18 m,Đang ở
118 m²,12.8 tỷ,5 m,5,4,Sổ đỏ,3,236 m,Đang ở
115 m²,7.9 tỷ,6.5 m,,,Sổ đỏ,1,18 m,Nhà trống
186 m²,10.5 tỷ,8.2 m,5,5,Sổ đỏ,1,23 m,Đang ở
186 m²,10.5 tỷ,8 m,5,5,Sổ hồng,1,23.3 m,Nhà trống
87 m²,5.9 tỷ,5 m,3,3,Sổ đỏ,3,17 m,Đang ở
92 m²,8.9 tỷ,6 m,3,3,Sổ hồng,3,15 m,Có nội thất
237 m²,31 tỷ,13 m,5,5,Sổ hồng,5,18.5 m,Đang ở
67 m²,3.05 tỷ,3.7 m,3,3,Sổ đỏ,3,18 m,Nhà trống
115 m²,8 tỷ,4.5 m,3,3,Sổ đỏ,2,26 m,Đang ở
120 m²,7.5 tỷ,6 m,4,4,Sổ đỏ,3,20 m,Nhà trống
64 m²,2.39 tỷ,4.2 m,3,2,Sổ đỏ,2,14 m,Đang ở
58 m²,2.35 tỷ,4.5 m,2,1,Sổ hồng,1,12 m,Đang ở
71 m²,3.12 tỷ,3 m,2,2,Sổ hồng,1,23.6 m,Nhà trống
47 m²,3.65 tỷ,4 m,3,3,Sổ hồng,3,12 m,Đang ở
109 m²,9.5 tỷ,9 m,5,5,Sổ hồng,4,12 m,Nhà trống
72 m²,15.5 tỷ,4.2 m,4,3,Sổ hồng,4,17 m,Đang ở
74 m²,4.4 tỷ,4 m,3,3,Sổ hồng,3,18.8 m,Nhà trống
75 m²,5 tỷ,4 m,3,2,Sổ hồng,2,18 m,Đang ở
90 m²,6.5 tỷ,5 m,3,3,Sổ hồng,3,18 m,Đang ở
50 m²,3.49 tỷ,8 m,3,3,Sổ hồng,3,6.5 m,Nhà trống
70 m²,4.97 tỷ,4.5 m,3,2,Sổ hồng,2,17.5 m,Nhà trống
38 m²,2.75 tỷ,6 m,2,2,Sổ hồng,2,6.5 m,Nhà trống
100 m²,13.5 tỷ,5 m,4,2,Sổ đỏ,3,20 m,Đang ở
100 m²,9.2 tỷ,5 m,10,6,Sổ đỏ,,20 m,Đang ở
130 m²,18.9 tỷ,7 m,5,5,Sổ hồng,5,18 m,Đang ở
105 m²,11.8 tỷ,6 m,3,2,Sổ đỏ,2,18 m,Nhà trống
50 m²,3.5 tỷ,7 m,3,3,Sổ đỏ,3,7 m,Đang ở
57 m²,4.3 tỷ,4 m,4,3,Sổ đỏ,3,14 m,Nhà trống
430 m²,12.5 tỷ,14 m,3,2,Sổ đỏ,2,33 m,Nhà trống
196 m²,13.9 tỷ,11.5 m,3,2,Sổ đỏ,1,18 m,Nhà trống
68 m²,4.72 tỷ,5 m,2,3,Sổ đỏ,2,14 m,Nhà trống
100 m²,6.4 tỷ,5 m,3,2,Sổ đỏ,3,20 m,Đang ở
180 m²,2.65 tỷ,6 m,5,3,Sổ hồng,2,29.99 m,Đang ở
70 m²,2.45 tỷ,5 m,2,2,Sổ hồng,2,14.6 m,Nhà trống
74 m²,4.4 tỷ,4 m,3,3,Sổ hồng,3,18.8 m,Đang ở
56 m²,3.6 tỷ,4 m,3,2,Sổ hồng,2,16 m,Đang ở
80 m²,4.6 tỷ,6 m,2,1,Sổ hồng,1,13 m,Đang ở
74 m²,4.4 tỷ,4 m,3,3,Sổ hồng,3,18.8 m,Đang ở
60 m²,4.75 tỷ,4 m,2,2,Sổ hồng,1,15 m,Nhà trống
71 m²,15.5 tỷ,4.2 m,4,4,Sổ đỏ,4,17 m,Nhà trống
80 m²,4.5 tỷ,6.2 m,2,1,Sổ đỏ,1,16 m,Đang ở
114 m²,7.9 tỷ,5 m,1,1,Sổ đỏ,,23 m,Nhà trống
115 m²,7.7 tỷ,5 m,5,5,Sổ đỏ,5,23 m,Đang ở
172 m²,5.5 tỷ,8 m,12,5,Sổ đỏ,2,21 m,Đang ở
100 m²,5.5 tỷ,4 m,3,2,Sổ đỏ,2,25 m,Đang ở
50 m²,3.99 tỷ,7 m,3,2,Sổ đỏ,3,7 m,Nhà trống
60 m²,3.4 tỷ,5.2 m,2,1,Sổ hồng,1,12 m,Nhà trống
74 m²,4.4 tỷ,4 m,3,3,Sổ hồng,3,18.8 m,Đang ở
125 m²,5.9 tỷ,5 m,2,1,Sổ đỏ,1,25 m,Đang ở
75 m²,6.5 tỷ,5 m,3,3,Sổ hồng,3,15 m,Nhà trống
72 m²,15.5 tỷ,4.2 m,4,3,Sổ hồng,4,17 m,Nhà trống
36 m²,2.68 tỷ,3.5 m,3,2,Sổ đỏ,3,9.5 m,Nhà trống
111 m²,18 tỷ,5 m,2,1,Sổ hồng,1,22 m,Đang ở
60 m²,1.75 tỷ,5 m,2,2,Sổ đỏ,1,12 m,Đang ở
70 m²,3.12 tỷ,3 m,2,2,Sổ đỏ,1,23 m,Đang ở
70 m²,3.12 tỷ,3 m,2,2,Sổ đỏ,1,23 m,Nhà trống
75 m²,5 tỷ,4 m,3,2,Sổ hồng,2,18 m,Nhà trống
228 m²,24.5 tỷ,8 m,5,5,Sổ hồng,3,28 m,Đang ở
100 m²,10 tỷ,5 m,3,2,Sổ đỏ,3,20 m,Đang ở
360 m²,11.9 tỷ,6 m,4,3,Sổ đỏ,4,20 m,Đang ở
54 m²,3.2 tỷ,6 m,4,4,Sổ hồng,3,9 m,Đang ở
64 m²,2.05 tỷ,4.2 m,3,2,Sổ hồng,2,14 m,Nhà trống
66 m²,4.1 tỷ,4 m,3,2,Sổ hồng,3,16.5 m,Nhà trống
72 m²,5.9 tỷ,4.5 m,3,2,Sổ hồng,2,16 m,Nhà trống
63 m²,2.05 tỷ,4.2 m,3,2,Sổ đỏ,2,15 m,Đang ở
80 m²,2.65 tỷ,5 m,4,5,Sổ đỏ,1,16 m,Nhà trống
120 m²,4.5 tỷ,5.5 m,5,5,Sổ đỏ,1,22 m,Nhà trống
72 m²,3.5 tỷ,5 m,3,3,Hợp đồng mua bán,3,12 m,Nhà trống
115 m²,7.7 tỷ,5 m,5,5,Sổ đỏ,5,23 m,Nhà trống
73 m²,3.1 tỷ,3 m,2,1,Sổ đỏ,1,23.6 m,Nhà trống
61 m²,2.75 tỷ,5.6 m,3,3,Sổ đỏ,3,12 m,Đang ở
76 m²,2.58 tỷ,4 m,3,2,Hợp đồng mua bán,2,19.4 m,Nhà trống
73 m²,3.05 tỷ,4.5 m,3,3,Sổ đỏ,3,16 m,Nhà trống
115 m²,7.7 tỷ,5 m,5,5,Sổ đỏ,5,23 m,Đang ở
122 m²,12.5 tỷ,7 m,5,5,Sổ hồng,5,18 m,Đang ở
100 m²,1.25 tỷ,,,,Sổ hồng,,,Đang ở
53 m²,1.65 tỷ,4.5 m,2,2,Sổ hồng,2,12 m,Nhà trống
95 m²,4.8 tỷ,5 m,3,3,Sổ hồng,,19 m,Có nội thất
200 m²,9.6 tỷ,10 m,3,3,Sổ hồng,2,20 m,Đang ở
95 m²,4.8 tỷ,5 m,4,3,Sổ hồng,3,19 m,Đang ở
98 m²,6.7 tỷ,5 m,4,4,Sổ hồng,2,19.5 m,Nhà trống
100 m²,10.65 tỷ,5 m,5,5,Sổ hồng,5,20 m,Đang ở
75 m²,5 tỷ,4 m,3,2,Sổ hồng,2,18 m,Đang ở
75 m²,5.7 tỷ,5 m,3,2,Sổ hồng,2,15 m,Nhà trống
180 m²,8.5 tỷ,12 m,5,5,Sổ hồng,2,15 m,Đang ở
75 m²,5.7 tỷ,5 m,3,2,Sổ đỏ,2,15 m,Đang ở
88 m²,4.37 tỷ,5 m,3,3,Sổ đỏ,2,18 m,Nhà trống
70 m²,5.1 tỷ,4.5 m,3,2,Sổ đỏ,3,15 m,Đang ở
55 m²,4.7 tỷ,,3,3,Sổ đỏ,3,,Nhà trống
47 m²,2.58 tỷ,8 m,2,2,Sổ hồng,2,6 m,Nhà trống
61 m²,3 tỷ,4 m,2,1,Sổ hồng,1,15 m,Nhà trống
40 m²,2.75 tỷ,3.5 m,3,2,Sổ hồng,2,11 m,Đang ở
210 m²,17.5 tỷ,5 m,4,5,Sổ hồng,4,34 m,Nhà trống
110 m²,6.4 tỷ,5 m,5,,Sổ đỏ,2,22 m,Nhà trống
100 m²,7 tỷ,3.3 m,4,4,Sổ hồng,3,30 m,Đang ở
122 m²,3.6 tỷ,5.8 m,2,1,Sổ đỏ,2,22 m,Nhà trống
71 m²,2.59 tỷ,4 m,2,2,Sổ đỏ,2,18 m,Nhà trống
47 m²,2.58 tỷ,8 m,2,2,Sổ đỏ,2,5.8 m,Đang ở
47 m²,2.58 tỷ,8 m,2,2,Sổ hồng,2,6 m,Đang ở
40 m²,2.75 tỷ,3.5 m,3,2,Sổ hồng,2,11 m,Đang ở
350 m²,28.5 tỷ,8.4 m,5,5,Sổ hồng,4,42 m,Nhà trống
80 m²,3 tỷ,5 m,3,2,Sổ đỏ,2,16 m,Đang ở
72 m²,4.85 tỷ,4.5 m,3,2,Sổ đỏ,3,16 m,Đang ở
72 m²,4.1 tỷ,4.5 m,3,2,Sổ đỏ,3,16 m,Đang ở
70 m²,2.45 tỷ,5 m,2,2,Sổ hồng,1,14.6 m,Đang ở
66 m²,1.79 tỷ,4 m,2,2,Sổ hồng,1,15.4 m,Đang ở
66 m²,4.2 tỷ,3.3 m,5,4,Sổ đỏ,3,12 m,Đang ở
48 m²,2.29 tỷ,4 m,3,2,Sổ đỏ,2,12 m,Đang ở
125 m²,6.8 tỷ,5 m,3,4,Sổ đỏ,3,20 m,Nhà trống
70 m²,3.65 tỷ,5 m,2,2,Sổ hồng,2,14 m,Nhà trống
58 m²,4.5 tỷ,4 m,3,2,Sổ hồng,2,14.5 m,Nhà trống
80 m²,2.95 tỷ,6 m,3,3,Sổ hồng,3,13 m,Có nội thất
76 m²,4.6 tỷ,5 m,3,4,Sổ đỏ,3,16 m,Nhà trống
56 m²,4.3 tỷ,4 m,3,3,Sổ hồng,4,14 m,Đang ở
48 m²,1.85 tỷ,4.5 m,2,2,Sổ hồng,2,10.5 m,Nhà trống
65 m²,2.3 tỷ,5.7 m,2,2,Sổ hồng,1,11.5 m,Nhà trống
85 m²,6 tỷ,6.4 m,2,1,Sổ hồng,1,13.3 m,Nhà trống
70 m²,3.49 tỷ,4.5 m,3,2,Sổ đỏ,3,15 m,Nhà trống
70 m²,3.82 tỷ,,3,3,Sổ đỏ,3,,Nhà trống
122 m²,12.5 tỷ,7 m,5,5,Sổ hồng,5,18 m,Nhà trống
75 m²,3.25 tỷ,5 m,3,3,Sổ hồng,3,15 m,Có nội thất
90 m²,3.79 tỷ,7.2 m,3,2,Sổ hồng,2,13 m,Nhà trống
41 m²,6 tỷ,3.5 m,3,3,Sổ hồng,3,12 m,Đang ở
30 m²,2.09 tỷ,4 m,2,2,Sổ đỏ,2,8 m,Nhà trống
312 m²,14.7 tỷ,7 m,1,1,Sổ hồng,1,40 m,Nhà trống
34 m²,1.55 tỷ,6 m,2,2,Sổ hồng,2,5.5 m,Nhà trống
55 m²,2.15 tỷ,5 m,2,2,Sổ đỏ,2,8 m,Đang ở
80 m²,5.1 tỷ,5 m,3,2,Sổ đỏ,2,16 m,Nhà trống
90 m²,5.25 tỷ,4.5 m,3,2,Sổ đỏ,2,20 m,Nhà trống
85 m²,3.6 tỷ,5 m,3,3,Sổ đỏ,2,17 m,Đang ở
92 m²,6.2 tỷ,4.5 m,3,4,Sổ đỏ,3,20.5 m,Đang ở
127 m²,4.1 tỷ,5 m,3,2,Sổ đỏ,2,22 m,Nhà trống
60 m²,4.89 tỷ,5 m,2,3,Sổ đỏ,2,15 m,Đang ở
41 m²,2.65 tỷ,4.5 m,3,2,Sổ hồng,3,9 m,Nhà trống
93 m²,4.5 tỷ,5 m,3,2,Sổ hồng,2,18.5 m,Đang ở
130 m²,3.85 tỷ,5 m,5,5,Sổ đỏ,3,26 m,Nhà trống
51 m²,2.3 tỷ,4 m,2,1,Sổ hồng,2,12.5 m,Nhà trống
100 m²,4.4 tỷ,5 m,2,2,Sổ đỏ,1,20 m,Nhà trống
125 m²,6.8 tỷ,5 m,3,3,Sổ đỏ,3,25 m,Nhà trống
25 m²,1.65 tỷ,3.2 m,2,2,Sổ hồng,2,8 m,Nhà trống
54 m²,3.2 tỷ,6 m,4,4,Sổ hồng,3,9 m,Nhà trống
93 m²,4.5 tỷ,5 m,3,2,Sổ hồng,2,18.5 m,Nhà trống
100 m²,5.8 tỷ,5 m,4,4,Sổ đỏ,3,20 m,Đang ở
100 m²,16 tỷ,4.5 m,5,5,Sổ đỏ,3,22 m,Nhà trống
77 m²,3.7 tỷ,4.8 m,2,1,Sổ đỏ,2,16 m,Nhà trống
60 m²,2.95 tỷ,5 m,3,3,Sổ đỏ,3,12 m,Đang ở
78 m²,3.35 tỷ,6 m,,,,,,Có nội thất
70 m²,3.65 tỷ,5 m,2,2,Sổ hồng,2,14 m,Đang ở
155 m²,21.3 tỷ,8.5 m,5,5,Sổ hồng,3,18 m,Đang ở
78 m²,3 tỷ,,2,2,Sổ đỏ,2,,Nhà trống
64 m²,6.1 tỷ,4 m,2,1,Sổ hồng,1,16 m,Nhà trống
54 m²,3.2 tỷ,6 m,4,4,Sổ hồng,3,9 m,Đang ở
66 m²,4.97 tỷ,5 m,3,2,Sổ đỏ,3,13 m,Đang ở
75 m²,5.95 tỷ,5 m,3,2,Sổ đỏ,3,15 m,Đang ở
78 m²,3.5 tỷ,5 m,3,3,Hợp đồng mua bán,3,15.6 m,Đang ở
56 m²,1.8 tỷ,5 m,2,2,Sổ hồng,1,11 m,Đang ở
80 m²,10.95 tỷ,6 m,5,5,Sổ đỏ,3,15 m,Đang ở
90 m²,8.78 tỷ,5 m,5,5,Sổ đỏ,5,18 m,Đang ở
136 m²,3.2 tỷ,,3,1,Sổ đỏ,,,Đang ở
90 m²,8.78 tỷ,5 m,5,5,Sổ đỏ,5,18 m,Đang ở
61 m²,3 tỷ,4 m,2,1,Sổ hồng,1,15 m,Đang ở
93 m²,4.5 tỷ,5 m,3,2,Sổ hồng,2,18.5 m,Nhà trống
171 m²,8.98 tỷ,7 m,5,5,Sổ hồng,4,24.5 m,Nhà trống
85 m²,6.2 tỷ,5 m,4,4,Sổ đỏ,3,17 m,Đang ở
85 m²,6.2 tỷ,5 m,2,1,Sổ đỏ,1,17 m,Nhà trống
90 m²,5.5 tỷ,5 m,5,4,Sổ đỏ,4,18 m,Đang ở
51 m²,3.75 tỷ,4 m,3,3,Sổ đỏ,4,12.8 m,Đang ở
100 m²,3.7 tỷ,5.5 m,3,2,Sổ hồng,2,18 m,Đang ở
75 m²,4.2 tỷ,5 m,3,2,Sổ hồng,2,15 m,Đang ở
77 m²,4.65 tỷ,5 m,3,3,Sổ đỏ,3,15 m,Đang ở
75 m²,4.15 tỷ,5 m,2,2,Sổ hồng,2,15 m,Đang ở
75 m²,5.4 tỷ,5 m,3,2,Sổ đỏ,3,15 m,Đang ở
58 m²,7.89 tỷ,5 m,4,5,Sổ đỏ,4,12 m,Đang ở
58 m²,7.89 tỷ,5 m,4,5,Sổ đỏ,4,12 m,Đang ở
110 m²,28 tỷ,5 m,5,5,Sổ đỏ,3,22 m,Đang ở
110 m²,28 tỷ,5 m,5,5,Sổ đỏ,3,22 m,Đang ở
84 m²,5.99 tỷ,4.5 m,5,5,Sổ hồng,4,18.7 m,Nhà trống
600 m²,19.5 tỷ,15.5 m,5,5,Sổ hồng,2,43 m,Đang ở
76 m²,3.25 tỷ,4.5 m,2,2,Sổ hồng,1,18 m,Đang ở
100 m²,3.7 tỷ,5.5 m,3,2,Sổ hồng,2,18 m,Nhà trống
145 m²,9.4 tỷ,6.4 m,5,3,Sổ đỏ,2,24 m,Đang ở
85 m²,4.7 tỷ,5 m,3,3,Sổ đỏ,3,17 m,Nhà trống
45 m²,2.85 tỷ,7 m,3,3,Sổ đỏ,3,6.4 m,Đang ở
45 m²,2.85 tỷ,7 m,3,3,Sổ đỏ,3,6.4 m,Đang ở
35 m²,2.2 tỷ,5 m,2,2,Sổ đỏ,2,7.5 m,Đang ở
170 m²,10.4 tỷ,7 m,1,2,Sổ đỏ,1,25 m,Đang ở
56 m²,1.8 tỷ,5 m,2,2,Sổ hồng,1,11 m,Nhà trống
75 m²,6.3 tỷ,5 m,4,2,Sổ đỏ,3,15 m,Đang ở
75 m²,6 tỷ,5 m,3,2,Sổ đỏ,3,15 m,Đang ở
52 m²,1.95 tỷ,4.5 m,2,2,Sổ hồng,2,12 m,Nhà trống
122 m²,20.5 tỷ,6.5 m,5,5,Sổ hồng,5,20 m,Nhà trống
61 m²,2.4 tỷ,4 m,2,2,Sổ hồng,2,15 m,Đang ở
55 m²,2.55 tỷ,4.5 m,2,2,Sổ hồng,2,12 m,Nhà trống
85 m²,5.1 tỷ,5 m,3,2,Sổ đỏ,3,17 m,Nhà trống
45 m²,2.85 tỷ,8.35 m,3,3,Sổ đỏ,3,5.5 m,Đang ở
90 m²,9.99 tỷ,6 m,5,5,Sổ đỏ,5,15 m,Nhà trống
150 m²,9.8 tỷ,6 m,5,5,Sổ đỏ,3,25 m,Nhà trống
72 m²,5.2 tỷ,4.5 m,3,3,Sổ đỏ,2,16 m,Đang ở
186 m²,13.2 tỷ,8 m,5,2,Sổ đỏ,3,23 m,Đang ở
72 m²,5.2 tỷ,4.5 m,3,3,Sổ đỏ,2,16 m,Đang ở
186 m²,13.2 tỷ,8 m,5,2,Sổ đỏ,3,23 m,Đang ở
30 m²,2.2 tỷ,4.2 m,2,2,Sổ hồng,2,7.7 m,Nhà trống
40 m²,2.75 tỷ,3.5 m,3,2,Sổ hồng,2,11 m,Đang ở
100 m²,3.8 tỷ,5 m,2,2,Sổ hồng,2,20 m,Nhà trống
62 m²,2.6 tỷ,4.8 m,2,2,Sổ hồng,2,13 m,Đang ở
65 m²,3.5 tỷ,5 m,3,3,Sổ đỏ,3,15 m,Đang ở
110 m²,4.4 tỷ,5 m,5,5,Sổ đỏ,2,22 m,Đang ở
110 m²,4.39 tỷ,5 m,5,5,Sổ đỏ,2,22 m,Đang ở
52 m²,3.69 tỷ,4.6 m,3,3,Sổ hồng,3,11.2 m,Nhà trống
153 m²,20 tỷ,15.3 m,5,5,Sổ hồng,5,10 m,Đang ở
51 m²,3.7 tỷ,4.7 m,3,3,Sổ hồng,3,11 m,Đang ở
30 m²,2.6 tỷ,5 m,3,3,Sổ hồng,3,6 m,Nhà trống
105 m²,6 tỷ,5 m,3,2,Sổ đỏ,3,21 m,Đang ở
100 m²,7.9 tỷ,5 m,3,2,Sổ đỏ,3,20 m,Đang ở
500 m²,34 tỷ,10.2 m,5,5,Sổ hồng,3,32 m,Nhà trống
88 m²,5 tỷ,6 m,4,2,Sổ hồng,1,15 m,Đang ở
94 m²,3.77 tỷ,4.6 m,3,2,Sổ hồng,2,20 m,Nhà trống
150 m²,9.8 tỷ,6 m,5,5,Sổ đỏ,3,25 m,Nhà trống
72 m²,5.2 tỷ,4.5 m,3,3,Sổ đỏ,2,16 m,Đang ở
186 m²,13.2 tỷ,8 m,5,2,Sổ đỏ,3,23 m,Đang ở
30 m²,2.2 tỷ,4.2 m,2,2,Sổ hồng,2,7.7 m,Nhà trống
40 m²,2.75 tỷ,3.5 m,3,2,Sổ hồng,2,11 m,Đang ở
100 m²,3.8 tỷ,5 m,2,2,Sổ hồng,2,20 m,Nhà trống
62 m²,2.6 tỷ,4.8 m,2,2,Sổ hồng,2,13 m,Đang ở
65 m²,3.5 tỷ,5 m,3,3,Sổ đỏ,3,15 m,Đang ở
110 m²,4.4 tỷ,5 m,5,5,Sổ đỏ,2,22 m,Đang ở
110 m²,4.39 tỷ,5 m,5,5,Sổ đỏ,2,22 m,Đang ở
52 m²,3.69 tỷ,4.6 m,3,3,Sổ hồng,3,11.2 m,Nhà trống
153 m²,20 tỷ,15.3 m,5,5,Sổ hồng,5,10 m,Đang ở
51 m²,3.7 tỷ,4.7 m,3,3,Sổ hồng,3,11 m,Đang ở
30 m²,2.6 tỷ,5 m,3,3,Sổ hồng,3,6 m,Nhà trống
105 m²,6 tỷ,5 m,3,2,Sổ đỏ,3,21 m,Đang ở
100 m²,7.9 tỷ,5 m,3,2,Sổ đỏ,3,20 m,Đang ở
500 m²,34 tỷ,10.2 m,5,5,Sổ hồng,3,32 m,Nhà trống
88 m²,5 tỷ,6 m,4,2,Sổ hồng,1,15 m,Đang ở
94 m²,3.77 tỷ,4.6 m,3,2,Sổ hồng,2,20 m,Nhà trống
40 m²,2.75 tỷ,3.5 m,3,2,Sổ hồng,2,11 m,Đang ở
94 m²,3.77 tỷ,4.6 m,3,2,Sổ đỏ,2,20 m,Nhà trống
94 m²,3.75 tỷ,4.6 m,3,2,Sổ đỏ,1,20 m,Nhà trống
190 m²,35 tỷ,6 m,5,5,Sổ đỏ,5,32 m,Nhà trống
95 m²,11.4 tỷ,5 m,,,Sổ đỏ,,,Nhà trống
36 m²,1.95 tỷ,3.6 m,2,2,Sổ hồng,2,10 m,Nhà trống
80 m²,8.8 tỷ,5 m,4,4,Sổ đỏ,4,16 m,Nhà trống
80 m²,8.8 tỷ,5 m,4,4,Sổ đỏ,4,16 m,Đang ở
75 m²,6.3 tỷ,7 m,2,2,Sổ hồng,3,,Đang ở
52 m²,3.69 tỷ,4.6 m,3,3,Sổ hồng,3,11.2 m,Nhà trống
85 m²,4.35 tỷ,3.7 m,4,3,Sổ đỏ,3,25 m,Nhà trống
100 m²,4.65 tỷ,4.6 m,3,2,Sổ đỏ,2,22 m,Đang ở
51 m²,3.7 tỷ,4.7 m,3,3,Sổ hồng,3,11 m,Nhà trống
100 m²,6.9 tỷ,5 m,5,5,Sổ đỏ,5,20 m,Đang ở
100 m²,6.9 tỷ,5 m,5,5,Sổ đỏ,5,20 m,Đang ở
92 m²,1.95 tỷ,,1,1,Sổ đỏ,,,Nhà trống
52 m²,3.69 tỷ,4.6 m,3,3,Sổ hồng,3,11.2 m,Đang ở
99 m²,3.5 tỷ,6 m,4,4,Sổ hồng,2,18 m,Nhà trống
52 m²,3.7 tỷ,4.7 m,3,3,Sổ hồng,3,11 m,Nhà trống
52 m²,3.7 tỷ,4.7 m,3,3,Sổ hồng,3,11 m,Nhà trống
62 m²,4.1 tỷ,5 m,4,4,Sổ đỏ,3,8 m,Đang ở
51 m²,3.7 tỷ,4.7 m,3,3,Sổ đỏ,3,11 m,Đang ở
151 m²,4.4 tỷ,5 m,5,4,Sổ đỏ,2,44 m,Nhà trống
51 m²,3.7 tỷ,4.7 m,3,3,Sổ đỏ,3,11 m,Nhà trống
64 m²,1.85 tỷ,3.5 m,2,3,Sổ đỏ,2,17 m,Nhà trống
85 m²,2.2 tỷ,5 m,2,1,Sổ đỏ,1,17 m,Đang ở
48 m²,2.59 tỷ,4 m,3,2,Sổ hồng,2,12 m,Nhà trống
90 m²,6.5 tỷ,5 m,3,3,Sổ hồng,3,18 m,Nhà trống
36 m²,1.96 tỷ,3.6 m,2,2,Sổ hồng,2,10 m,Nhà trống
15 m²,1.19 tỷ,3 m,2,1,Sổ hồng,2,5 m,Nhà trống
38 m²,3.7 tỷ,4 m,3,4,Sổ hồng,4,9.5 m,Đang ở
67 m²,3.15 tỷ,4.1 m,1,1,Sổ hồng,1,15.3 m,Nhà trống
80 m²,5 tỷ,6 m,3,3,Sổ đỏ,2,14 m,Nhà trống
90 m²,4.45 tỷ,5 m,3,2,Sổ hồng,2,18 m,Đang ở
80 m²,5 tỷ,6 m,3,3,Sổ đỏ,2,14 m,Đang ở
120 m²,3.2 tỷ,12 m,4,3,Sổ đỏ,2,10 m,Đang ở
90 m²,4.45 tỷ,5 m,3,3,Sổ đỏ,2,18 m,Nhà trống
51 m²,2.7 tỷ,4 m,2,2,Sổ đỏ,2,13 m,Đang ở
80 m²,11.95 tỷ,6 m,5,5,Sổ đỏ,4,15 m,Nhà trống
110 m²,8.5 tỷ,5 m,3,2,Sổ đỏ,2,22 m,Đang ở
93 m²,4.85 tỷ,5 m,3,2,Sổ đỏ,2,19 m,Nhà trống
46 m²,4.1 tỷ,4 m,2,2,Sổ hồng,3,11.5 m,Đang ở
85 m²,5 tỷ,5 m,3,2,Sổ hồng,2,17 m,Nhà trống
234 m²,21.5 tỷ,,4,4,Sổ đỏ,3,,Đang ở
48 m²,2.59 tỷ,4 m,3,2,Sổ hồng,2,12 m,Nhà trống
63 m²,2.75 tỷ,4.1 m,3,2,Sổ hồng,2,15 m,Đang ở
53 m²,6.8 tỷ,5 m,5,5,Sổ hồng,5,10.4 m,Đang ở
85 m²,2.4 tỷ,4.8 m,2,1,Sổ hồng,1,14 m,Nhà trống
97 m²,5.9 tỷ,3.5 m,2,1,Sổ hồng,1,27.7 m,Đang ở
140 m²,30 tỷ,7 m,5,5,Sổ đỏ,5,20 m,Đang ở
108 m²,16.5 tỷ,5 m,5,5,Sổ đỏ,5,21 m,Đang ở
65 m²,3.4 tỷ,5 m,3,3,Sổ đỏ,2,15 m,Đang ở
65 m²,3.4 tỷ,5 m,3,3,Sổ đỏ,2,15 m,Nhà trống
67 m²,2.69 tỷ,5.5 m,2,2,Sổ đỏ,2,12 m,Đang ở
54 m²,2.7 tỷ,4 m,2,2,Sổ đỏ,2,13 m,Đang ở
184 m²,3.8 tỷ,8 m,3,2,Sổ hồng,1,23 m,Đang ở
170 m²,12.8 tỷ,7 m,5,5,Sổ đỏ,4,25 m,Đang ở
30 m²,2.2 tỷ,4.2 m,2,2,Sổ hồng,2,7.7 m,Nhà trống
93 m²,5.3 tỷ,4 m,3,3,Sổ hồng,3,23 m,Đang ở
70 m²,4.2 tỷ,7 m,5,4,Sổ hồng,3,10 m,Nhà trống
40 m²,2.75 tỷ,3.5 m,3,2,Sổ hồng,2,11 m,Nhà trống
28 m²,1.42 tỷ,3.1 m,2,2,Sổ hồng,2,9 m,Nhà trống
42 m²,1.68 tỷ,6 m,2,1,Sổ hồng,1,7 m,Đang ở
88 m²,16.8 tỷ,4.5 m,5,5,Sổ đỏ,5,19.8 m,Nhà trống
120 m²,12.5 tỷ,5 m,5,5,Sổ đỏ,3,23 m,Nhà trống
200 m²,14.9 tỷ,6.3 m,5,5,Sổ đỏ,2,32 m,Nhà trống
48 m²,2.6 tỷ,4 m,3,2,Sổ đỏ,2,12 m,Đang ở
54 m²,2.05 tỷ,4.5 m,2,2,Sổ đỏ,2,12 m,Nhà trống
54 m²,2.05 tỷ,4.5 m,2,2,Sổ đỏ,2,12 m,Đang ở
48 m²,2.6 tỷ,4 m,3,2,Sổ đỏ,2,12 m,Nhà trống
180 m²,10.7 tỷ,10 m,3,4,Sổ đỏ,3,18 m,Đang ở
69 m²,7 tỷ,4.5 m,3,4,Sổ đỏ,3,16 m,Đang ở
145 m²,29 tỷ,4.5 m,5,5,Sổ hồng,5,32 m,Nhà trống
485 m²,9.95 tỷ,16 m,1,1,Sổ đỏ,1,30 m,Đang ở
184 m²,3.8 tỷ,8 m,3,1,Sổ hồng,1,23 m,Có nội thất
285 m²,28.5 tỷ,16 m,5,5,Sổ hồng,2,18 m,Nhà trống
59 m²,5 tỷ,4.5 m,3,4,Sổ hồng,4,13 m,Đang ở
82 m²,6.8 tỷ,6 m,4,4,Sổ hồng,3,14 m,Nhà trống
31 m²,2.05 tỷ,3.5 m,2,2,Sổ hồng,2,8.5 m,Đang ở
79 m²,6.5 tỷ,4.5 m,4,3,Sổ hồng,3,17.5 m,Đang ở
100 m²,4.2 tỷ,5 m,3,3,Sổ hồng,3,20 m,Đang ở
105 m²,12.8 tỷ,4 m,5,5,Sổ đỏ,5,22.5 m,Nhà trống
115 m²,12.3 tỷ,5.5 m,5,5,Sổ đỏ,4,23 m,Nhà trống
180 m²,8.7 tỷ,4 m,18,18,Sổ đỏ,4,45 m,Đang ở
90 m²,6.5 tỷ,5 m,4,4,Sổ đỏ,3,18 m,Đang ở
99 m²,5.2 tỷ,5.5 m,2,2,Sổ hồng,2,17.5 m,Nhà trống
130 m²,6.5 tỷ,6 m,3,3,Sổ hồng,3,21 m,Đang ở
59 m²,5 tỷ,4.5 m,3,4,Sổ hồng,4,13 m,Nhà trống
56 m²,3.9 tỷ,4 m,2,2,Sổ hồng,1,16 m,Đang ở
36 m²,2.85 tỷ,3.2 m,2,3,Sổ hồng,3,11 m,Nhà trống
460 m²,102 tỷ,20 m,5,5,Sổ đỏ,5,23 m,Đang ở
100 m²,12.5 tỷ,5 m,5,5,Sổ đỏ,5,20 m,Đang ở
86 m²,5.3 tỷ,5 m,3,2,Sổ đỏ,3,17 m,Đang ở
120 m²,15 tỷ,6 m,3,3,Sổ đỏ,3,20 m,Nhà trống
120 m²,15 tỷ,6 m,3,3,Sổ đỏ,3,20 m,Nhà trống
80 m²,5 tỷ,6 m,3,3,Sổ đỏ,2,14 m,Nhà trống
65 m²,3.95 tỷ,7 m,3,3,Sổ đỏ,3,9 m,Đang ở
80 m²,5 tỷ,6 m,3,3,Sổ đỏ,2,14 m,Đang ở
40 m²,1.75 tỷ,4 m,2,1,Sổ đỏ,2,10 m,Đang ở
90 m²,2.45 tỷ,4.5 m,3,2,Sổ hồng,2,20 m,Có nội thất
44 m²,3.3 tỷ,3.5 m,3,1,Sổ hồng,1,13 m,Nhà trống
80 m²,11 tỷ,5 m,3,3,Sổ hồng,3,16 m,Đang ở
61 m²,2.5 tỷ,4 m,2,2,Sổ hồng,2,15 m,Đang ở
59 m²,5 tỷ,4.5 m,3,4,Sổ hồng,4,13 m,Đang ở
41 m²,2.2 tỷ,5.5 m,2,2,Sổ hồng,2,7.5 m,Nhà trống
16 m²,1.35 tỷ,4 m,1,1,Sổ hồng,2,4 m,Đang ở
88 m²,3.98 tỷ,4 m,5,3,Sổ đỏ,3,22 m,Nhà trống
115 m²,3.9 tỷ,5 m,3,3,Sổ đỏ,1,23 m,Nhà trống
88 m²,3.98 tỷ,4 m,5,3,Sổ đỏ,3,22 m,Đang ở
94 m²,1.5 tỷ,,3,1,Sổ đỏ,,,Nhà trống
60 m²,3.85 tỷ,4 m,3,3,Sổ đỏ,3,15 m,Đang ở
90 m²,7.5 tỷ,5 m,5,4,Sổ đỏ,4,18 m,Nhà trống
100 m²,3.1 tỷ,5 m,3,3,Sổ hồng,3,20 m,Đang ở
52 m²,3.35 tỷ,3.6 m,3,2,Sổ đỏ,3,14.6 m,Nhà trống
41 m²,2.2 tỷ,5.5 m,2,2,Sổ hồng,2,7.5 m,Đang ở
81 m²,5.9 tỷ,4.5 m,3,3,Sổ đỏ,3,18 m,Đang ở
81 m²,2.19 tỷ,4.5 m,2,1,Hợp đồng mua bán,1,18 m,Nhà trống
60 m²,5.4 tỷ,4.5 m,3,4,Sổ hồng,3,13 m,Đang ở
72 m²,2.65 tỷ,4 m,3,2,Sổ đỏ,2,16 m,Nhà trống
15 m²,1.35 tỷ,3.8 m,1,1,Sổ hồng,2,4 m,Nhà trống
142 m²,33 tỷ,6.47 m,5,4,Sổ đỏ,5,21 m,Đang ở
103 m²,7.5 tỷ,4.5 m,2,1,Sổ hồng,1,23 m,Nhà trống
285 m²,28.5 tỷ,16 m,5,5,Sổ hồng,2,18 m,Đang ở
15 m²,1.35 tỷ,3.8 m,1,1,Sổ hồng,2,4 m,Đang ở
52 m²,2.86 tỷ,4 m,2,2,Sổ đỏ,2,12 m,Nhà trống
90 m²,5.2 tỷ,4.5 m,2,1,Sổ đỏ,1,20 m,Nhà trống
106 m²,4.2 tỷ,5 m,4,3,Sổ đỏ,3,21 m,Đang ở
90 m²,3.9 tỷ,9 m,3,2,Sổ đỏ,3,10 m,Đang ở
500 m²,5.6 tỷ,10 m,2,2,Sổ đỏ,3,50 m,Nhà trống
285 m²,28.5 tỷ,16 m,5,5,Sổ hồng,2,18 m,Đang ở
90 m²,5.25 tỷ,4.5 m,2,1,Sổ hồng,1,18 m,Đang ở
32 m²,1.75 tỷ,5.5 m,2,1,Sổ hồng,1,6 m,Nhà trống
93 m²,5.5 tỷ,5 m,3,2,Sổ hồng,2,18.5 m,Đang ở
106 m²,14.4 tỷ,6.2 m,5,5,Sổ đỏ,5,17 m,Nhà trống
110 m²,10.8 tỷ,11 m,3,3,Sổ đỏ,2,10 m,Nhà trống
15 m²,1.35 tỷ,6.4 m,1,1,Sổ hồng,2,2.4 m,Nhà trống
70 m²,13 tỷ,4 m,3,2,Sổ hồng,2,17.5 m,Đang ở
30 m²,2.05 tỷ,4 m,3,2,Sổ đỏ,3,8 m,Nhà trống
110 m²,10.8 tỷ,10 m,5,5,Sổ hồng,2,11 m,Đang ở
70 m²,4.4 tỷ,5 m,3,3,Sổ hồng,3,14 m,Đang ở
17 m²,1.25 tỷ,3.6 m,2,2,Sổ hồng,2,4.7 m,Đang ở
65 m²,1.79 tỷ,4.5 m,2,1,Sổ hồng,1,15 m,Nhà trống
43 m²,1.95 tỷ,4 m,2,1,Sổ đỏ,2,11 m,Đang ở
120 m²,11 tỷ,5 m,5,5,Sổ đỏ,3,24 m,Nhà trống
142 m²,33 tỷ,6.47 m,5,4,Sổ đỏ,5,21 m,Nhà trống
52 m²,3.35 tỷ,3.6 m,3,2,Sổ đỏ,3,14.6 m,Nhà trống
52 m²,3.35 tỷ,3.6 m,3,2,Sổ đỏ,3,14.6 m,Nhà trống
110 m²,7.8 tỷ,6.5 m,5,5,Sổ đỏ,3,17 m,Đang ở
130 m²,7.5 tỷ,10 m,3,4,Sổ đỏ,3,13 m,Đang ở
80 m²,6.5 tỷ,5 m,5,5,Sổ đỏ,3,16 m,Nhà trống
100 m²,6.9 tỷ,5 m,3,2,Sổ đỏ,2,20 m,Nhà trống
154 m²,13.8 tỷ,9.5 m,3,3,Sổ đỏ,2,17 m,Đang ở
90 m²,2.85 tỷ,5 m,3,3,Sổ đỏ,2,19 m,Nhà trống
60 m²,2.65 tỷ,4 m,3,3,Sổ đỏ,3,15 m,Nhà trống
50 m²,3.5 tỷ,7 m,3,3,Sổ đỏ,3,7 m,Đang ở
110 m²,10.89 tỷ,10 m,,,Sổ đỏ,2,11 m,Nhà trống
99 m²,3.3 tỷ,5.7 m,3,1,Sổ hồng,1,17 m,Đang ở
103 m²,9.05 tỷ,6 m,2,1,Sổ hồng,1,16.2 m,Nhà trống
52 m²,4.1 tỷ,4.5 m,3,4,Sổ hồng,3,12 m,Đang ở
98 m²,3.97 tỷ,5 m,2,2,Sổ hồng,2,19.5 m,Đang ở
54 m²,2.45 tỷ,4 m,3,2,Sổ hồng,2,13.5 m,Nhà trống
90 m²,5.28 tỷ,4.5 m,2,1,Sổ hồng,1,18 m,Đang ở
93 m²,5.45 tỷ,5 m,3,2,Sổ hồng,2,18.5 m,Nhà trống
151 m²,4.4 tỷ,5 m,5,4,Sổ đỏ,2,44 m,Nhà trống
112 m²,3.2 tỷ,5 m,3,2,Sổ đỏ,2,30 m,Nhà trống
49 m²,5.6 tỷ,4 m,3,2,Sổ hồng,3,12.2 m,Đang ở
61 m²,4.9 tỷ,5 m,2,2,Sổ hồng,2,12 m,Đang ở
61 m²,2.29 tỷ,4 m,2,2,Sổ hồng,1,15 m,Đang ở
68 m²,10.8 tỷ,,4,4,Hợp đồng mua bán,4,,Nhà trống
61 m²,3.8 tỷ,5 m,3,2,Sổ đỏ,2,,Nhà trống
51 m²,3.6 tỷ,3.2 m,4,2,Sổ hồng,3,17 m,Đang ở
75 m²,3.3 tỷ,5 m,2,2,Sổ hồng,2,15 m,Nhà trống
76 m²,13.7 tỷ,3.5 m,4,2,Sổ hồng,2,22 m,Nhà trống
30 m²,2.2 tỷ,4.2 m,2,2,Sổ hồng,2,7.7 m,Nhà trống
80 m²,3.99 tỷ,4 m,3,2,Sổ hồng,2,20 m,Đang ở
95 m²,2.25 tỷ,6 m,2,2,Sổ đỏ,1,16 m,Nhà trống
86 m²,5.3 tỷ,4.3 m,4,4,Sổ đỏ,3,20 m,Đang ở
95 m²,2.25 tỷ,6 m,2,2,Sổ đỏ,1,16 m,Nhà trống
270 m²,72 tỷ,15 m,5,5,Sổ đỏ,5,18 m,Nhà trống
75 m²,10 tỷ,,3,3,Sổ đỏ,3,,Nhà trống
53 m²,2.3 tỷ,4.3 m,3,2,Sổ hồng,2,12.5 m,Đang ở
38 m²,4.5 tỷ,3.8 m,2,2,Sổ hồng,4,10 m,Đang ở
23 m²,1.5 tỷ,3.5 m,2,1,Sổ hồng,2,6.9 m,Nhà trống
40 m²,1.82 tỷ,3.3 m,2,1,Sổ hồng,2,12.6 m,Đang ở
75 m²,8.5 tỷ,5 m,5,5,Sổ đỏ,4,15 m,Đang ở
49 m²,5.6 tỷ,4 m,3,2,Sổ hồng,3,12.2 m,Đang ở
133 m²,7.5 tỷ,4 m,3,3,Sổ đỏ,2,33 m,Đang ở
132 m²,11.5 tỷ,7.5 m,4,4,Sổ đỏ,3,18.5 m,Đang ở
34 m²,2.35 tỷ,3.5 m,3,3,Sổ hồng,4,9 m,Nhà trống
37 m²,3.05 tỷ,4 m,2,2,Sổ hồng,1,9.1 m,Đang ở
60 m²,3.45 tỷ,5 m,2,1,Sổ hồng,1,12 m,Đang ở
44 m²,1.57 tỷ,3.7 m,2,1,Sổ hồng,1,12 m,Đang ở
445 m²,50 tỷ,15.5 m,4,3,Sổ hồng,2,20 m,Nhà trống
47 m²,6.8 tỷ,9 m,4,2,Sổ hồng,2,5.5 m,Nhà trống
200 m²,16 tỷ,,,,,,,
121 m²,8.5 tỷ,,,,,,,
123 m²,10.9 tỷ,,5,5,,,,
52 m²,2.85 tỷ,4 m,3,3,Sổ đỏ,3,13 m,Nhà trống
100 m²,3.7 tỷ,5 m,4,4,Sổ hồng,3,20 m,Có nội thất
81 m²,3.4 tỷ,,3,2,Sổ đỏ,2,,Đang ở
50 m²,4.18 tỷ,8.1 m,3,3,Sổ hồng,3,6 m,Nhà trống
90 m²,6.3 tỷ,4.5 m,3,2,Sổ hồng,2,20 m,Đang ở
42 m²,2.7 tỷ,4 m,2,2,Sổ hồng,3,10.4 m,Đang ở
22 m²,5.85 tỷ,4 m,3,3,Sổ hồng,4,5.5 m,Nhà trống
135 m²,9.99 tỷ,5 m,4,3,Sổ hồng,3,23 m,Đang ở
125 m²,11.95 tỷ,5 m,4,3,Sổ hồng,3,25 m,Nhà trống
59 m²,4.1 tỷ,4.5 m,2,2,Sổ hồng,2,14 m,Đang ở
66 m²,2.18 tỷ,4 m,3,2,Sổ đỏ,1,16.4 m,Đang ở
100 m²,3.6 tỷ,5 m,4,4,Sổ hồng,3,20 m,Có nội thất
50 m²,4.7 tỷ,4 m,3,3,Sổ đỏ,3,15 m,Đang ở
191 m²,31.5 tỷ,6.04 m,5,5,Sổ đỏ,5,31.5 m,Nhà trống
38 m²,2.18 tỷ,6 m,2,2,Sổ đỏ,2,6.3 m,Nhà trống
113 m²,7.2 tỷ,5 m,4,4,Sổ đỏ,3,22.6 m,Nhà trống
80 m²,2.29 tỷ,5 m,3,2,Sổ đỏ,2,16 m,Nhà trống
180 m²,10.5 tỷ,10 m,5,5,Hợp đồng mua bán,3,18 m,Đang ở
100 m²,5.6 tỷ,5 m,4,2,Sổ hồng,2,20 m,Đang ở
90 m²,5.39 tỷ,4.5 m,2,1,Sổ hồng,2,18 m,Nhà trống
87 m²,9.45 tỷ,5 m,3,3,Sổ hồng,3,17.6 m,Nhà trống
56 m²,4.4 tỷ,4 m,3,3,Sổ hồng,3,14 m,Nhà trống
31 m²,1.79 tỷ,3.7 m,3,2,Sổ hồng,3,9 m,Nhà trống
88 m²,9.15 tỷ,5 m,3,4,Sổ đỏ,3,18 m,Đang ở
170 m²,11.9 tỷ,9 m,4,5,Sổ đỏ,4,20 m,Nhà trống
170 m²,11.9 tỷ,9 m,4,5,Sổ đỏ,4,20 m,Nhà trống
90 m²,6.9 tỷ,5 m,4,5,Sổ đỏ,4,19.5 m,Nhà trống
90 m²,6.9 tỷ,5 m,4,5,Sổ đỏ,4,19.5 m,Nhà trống
100 m²,11.5 tỷ,5 m,3,2,Sổ hồng,2,20 m,Nhà trống
80 m²,5.2 tỷ,5 m,3,2,Sổ hồng,2,16 m,Nhà trống
70 m²,3.55 tỷ,5 m,3,3,Sổ hồng,3,14 m,Có nội thất
80 m²,3.99 tỷ,4 m,3,2,Sổ hồng,2,20 m,Đang ở
90 m²,3.75 tỷ,5 m,3,3,Sổ đỏ,3,18 m,Đang ở
53 m²,2.3 tỷ,4.3 m,3,2,Sổ hồng,2,12.5 m,Nhà trống
80 m²,3.99 tỷ,4 m,3,2,Sổ đỏ,2,20 m,Đang ở
120 m²,2.59 tỷ,5 m,2,1,Sổ đỏ,,25 m,Đang ở
27 m²,3.79 tỷ,3.1 m,3,4,Sổ hồng,4,8.6 m,Đang ở
77 m²,6.2 tỷ,5 m,3,2,Sổ hồng,2,15.6 m,Đang ở
40 m²,1.75 tỷ,4 m,2,2,Sổ hồng,2,10 m,Nhà trống
31 m²,3.95 tỷ,3.3 m,2,3,Sổ hồng,3,9 m,Đang ở
78 m²,3.5 tỷ,5 m,3,3,Hợp đồng mua bán,3,15.6 m,Đang ở
65 m²,3.1 tỷ,4.5 m,3,3,Sổ đỏ,3,14.5 m,Nhà trống
80 m²,3.99 tỷ,4 m,3,2,Sổ đỏ,2,20 m,Đang ở
90 m²,8.8 tỷ,5 m,5,5,Sổ đỏ,4,18 m,Đang ở
78 m²,3.5 tỷ,5 m,3,3,Hợp đồng mua bán,3,15.6 m,Đang ở
80 m²,2.29 tỷ,5 m,3,2,Sổ đỏ,2,16 m,Nhà trống
90 m²,8.8 tỷ,5 m,5,5,Sổ đỏ,4,18 m,Đang ở
100 m²,5.75 tỷ,5 m,3,4,Hợp đồng mua bán,3,20 m,Nhà trống
200 m²,8 tỷ,10 m,5,5,Sổ đỏ,5,20 m,Đang ở
120 m²,12.8 tỷ,8 m,5,5,Sổ đỏ,5,15 m,Nhà trống
120 m²,12.8 tỷ,8 m,5,5,Sổ đỏ,5,15 m,Nhà trống
53 m²,2.23 tỷ,3.5 m,2,2,Sổ hồng,2,15 m,Nhà trống
271 m²,17 tỷ,5.2 m,5,5,Sổ hồng,4,40 m,Đang ở
50 m²,2.1 tỷ,5 m,2,2,Sổ hồng,2,10 m,Đang ở
50 m²,9.3 tỷ,5 m,4,5,Sổ hồng,5,10 m,Đang ở
100 m²,6.9 tỷ,5 m,3,2,Sổ hồng,2,20 m,Đang ở
80 m²,5.3 tỷ,5 m,3,2,Sổ hồng,2,16 m,Nhà trống
41 m²,2.38 tỷ,4 m,2,2,Sổ hồng,2,10 m,Nhà trống
65 m²,5.2 tỷ,4.5 m,2,1,Sổ hồng,2,15 m,Nhà trống
85 m²,5.4 tỷ,5 m,2,2,Sổ hồng,2,16.5 m,Đang ở
65 m²,5.2 tỷ,4.5 m,2,1,Sổ hồng,2,15 m,Nhà trống
60 m²,4.8 tỷ,6 m,4,3,Sổ đỏ,3,10 m,Nhà trống
70 m²,3.55 tỷ,5 m,3,3,Sổ hồng,3,14 m,Có nội thất
85 m²,5.2 tỷ,5.5 m,3,2,Sổ đỏ,2,16 m,Đang ở
50 m²,4.3 tỷ,5 m,4,4,Sổ hồng,4,10 m,Đang ở
110 m²,16 tỷ,5 m,5,5,Sổ hồng,5,22 m,Đang ở
72 m²,4.2 tỷ,3.6 m,4,3,Sổ hồng,3,20 m,Nhà trống
37 m²,2.18 tỷ,6.9 m,2,2,Sổ hồng,2,5.35 m,Đang ở
350 m²,23 tỷ,8.4 m,5,5,Sổ hồng,4,42 m,Nhà trống
75 m²,3.15 tỷ,5 m,3,2,Sổ hồng,3,15 m,Đang ở
102 m²,8.9 tỷ,11 m,4,4,Sổ đỏ,2,9 m,Đang ở
100 m²,8.5 tỷ,5 m,5,5,Sổ đỏ,4,20 m,Nhà trống
60 m²,3.85 tỷ,4.3 m,3,3,Sổ hồng,3,14 m,Đang ở
100 m²,5.99 tỷ,5 m,5,3,Sổ hồng,3,20 m,Đang ở
90 m²,5.45 tỷ,4.5 m,2,1,Sổ hồng,2,18 m,Đang ở
100 m²,13.99 tỷ,5 m,5,4,Sổ hồng,3,20 m,Nhà trống
180 m²,10.5 tỷ,10 m,5,5,Hợp đồng mua bán,3,18 m,Đang ở
190 m²,12.7 tỷ,6.5 m,2,2,Sổ hồng,2,29 m,Nhà trống
358 m²,53 tỷ,,,,Sổ đỏ,,,Đang ở
126 m²,16 tỷ,1 m,5,5,Sổ đỏ,4,1 m,Đang ở
350 m²,23 tỷ,8.4 m,5,5,Sổ hồng,4,42 m,Đang ở
31 m²,1.45 tỷ,3 m,2,1,Sổ hồng,1,10 m,Đang ở
102 m²,8.9 tỷ,10.8 m,4,3,Sổ đỏ,2,9.5 m,Đang ở
92 m²,2.29 tỷ,5.5 m,3,2,Sổ đỏ,2,16.7 m,Nhà trống
41 m²,2.59 tỷ,4 m,3,2,Sổ hồng,3,10 m,Đang ở
48 m²,4.18 tỷ,8 m,3,3,Sổ hồng,3,6 m,Đang ở
55 m²,16.5 tỷ,6 m,4,3,Sổ hồng,3,9 m,Đang ở
95 m²,12.5 tỷ,5 m,5,5,Sổ hồng,5,19.5 m,Nhà trống
113 m²,7.2 tỷ,5 m,4,4,Sổ đỏ,3,22.6 m,Đang ở
43 m²,3.65 tỷ,4 m,4,4,Sổ đỏ,5,11 m,Đang ở
191 m²,31.5 tỷ,6.04 m,5,5,Sổ đỏ,5,31.5 m,Nhà trống
90 m²,5.59 tỷ,4.5 m,2,1,Sổ hồng,2,18 m,Nhà trống
100 m²,7.5 tỷ,10 m,3,3,Sổ hồng,3,10 m,Nhà trống
85 m²,2.69 tỷ,5 m,3,2,Sổ hồng,2,17 m,Đang ở
70 m²,3.35 tỷ,4.5 m,3,2,Sổ đỏ,1,15.5 m,Đang ở
56 m²,4.6 tỷ,4 m,3,2,Sổ hồng,2,14 m,Đang ở
72 m²,4.2 tỷ,3.6 m,4,3,Sổ hồng,3,20 m,Nhà trống
23 m²,1.35 tỷ,3.5 m,2,2,Sổ hồng,2,7 m,Nhà trống
48 m²,4.15 tỷ,4 m,3,3,Sổ hồng,3,12 m,Đang ở
85 m²,2.69 tỷ,5 m,3,2,Sổ hồng,2,17 m,Nhà trống
50 m²,4.7 tỷ,4 m,3,3,Sổ đỏ,3,15 m,Đang ở
40 m²,2.55 tỷ,3.6 m,2,2,Sổ hồng,2,10.6 m,Đang ở
59 m²,2.95 tỷ,4.5 m,4,3,Sổ hồng,2,13 m,Nhà trống
48 m²,4.15 tỷ,4 m,3,3,Sổ đỏ,3,10 m,Đang ở
100 m²,4.6 tỷ,5 m,4,2,Sổ hồng,2,20 m,Đang ở
235 m²,8.5 tỷ,7 m,4,3,Sổ hồng,2,33 m,Đang ở
350 m²,23 tỷ,8.4 m,5,5,Sổ hồng,4,42 m,Nhà trống
100 m²,4.9 tỷ,5 m,5,5,Sổ hồng,2,20 m,Đang ở
93 m²,5.4 tỷ,5 m,3,4,Sổ đỏ,3,18.5 m,Đang ở
51 m²,3.75 tỷ,4 m,3,3,Sổ đỏ,4,12.8 m,Đang ở
41 m²,2.59 tỷ,4 m,3,2,Sổ hồng,3,10 m,Nhà trống
100 m²,8.5 tỷ,5 m,5,5,Sổ đỏ,5,20 m,Nhà trống
147 m²,4.5 tỷ,,3,5,Sổ đỏ,3,,Nhà trống
70 m²,2.5 tỷ,4 m,3,3,Sổ hồng,2,17 m,Có nội thất
79 m²,4.2 tỷ,,2,2,Sổ đỏ,,,Nhà trống
61 m²,2.88 tỷ,3.5 m,1,1,Sổ hồng,1,18 m,Nhà trống
50 m²,1.78 tỷ,,2,2,Sổ đỏ,2,,Nhà trống
110 m²,16 tỷ,5 m,5,5,Sổ hồng,5,22 m,Đang ở
195 m²,12.5 tỷ,10 m,3,4,Sổ hồng,2,19.5 m,Đang ở
41 m²,1.43 tỷ,5 m,2,1,Sổ hồng,1,8 m,Đang ở
93 m²,4.5 tỷ,4.8 m,3,3,Sổ hồng,2,22 m,Đang ở
32 m²,2 tỷ,4 m,2,2,Sổ hồng,2,8 m,Nhà trống
110 m²,4.5 tỷ,5 m,5,5,Sổ hồng,2,22 m,Nhà trống
90 m²,2.8 tỷ,5.2 m,2,1,Sổ hồng,2,17 m,Nhà trống
50 m²,2.15 tỷ,5 m,2,2,Sổ hồng,2,10 m,Nhà trống
40 m²,2.2 tỷ,7.5 m,3,2,Sổ đỏ,2,,Nhà trống
52 m²,6.8 tỷ,5 m,5,5,Sổ hồng,5,10.4 m,Nhà trống
55 m²,4.5 tỷ,4.4 m,3,3,Sổ hồng,3,13 m,Đang ở
51 m²,2.68 tỷ,4.3 m,2,1,Sổ hồng,2,13 m,Đang ở
62 m²,1.78 tỷ,6 m,2,1,Sổ hồng,1,10 m,Nhà trống
55 m²,4.5 tỷ,4.4 m,3,3,Sổ hồng,3,13 m,Đang ở
52 m²,1.7 tỷ,7 m,3,2,Sổ hồng,2,7.5 m,Nhà trống
100 m²,5.2 tỷ,5 m,3,2,Sổ hồng,1,20 m,Nhà trống
60 m²,4.2 tỷ,4.5 m,2,2,Sổ hồng,2,14 m,Đang ở
64 m²,1.85 tỷ,4.6 m,2,1,Sổ hồng,1,14 m,Nhà trống
51 m²,2.68 tỷ,4.3 m,2,1,Sổ hồng,2,13 m,Đang ở
60 m²,4.1 tỷ,5.4 m,3,3,Sổ hồng,4,11 m,Nhà trống
67 m²,3.8 tỷ,4.2 m,3,2,Sổ hồng,2,16 m,Đang ở
324 m²,39 tỷ,10 m,5,5,Sổ hồng,4,32.4 m,Đang ở
195 m²,12.5 tỷ,10 m,3,4,Sổ hồng,2,19.5 m,Đang ở
70 m²,3.5 tỷ,3.6 m,3,2,Sổ hồng,2,18.5 m,Đang ở
34 m²,2.25 tỷ,3.6 m,4,3,Sổ hồng,4,9.5 m,Đang ở
61 m²,4.6 tỷ,5 m,3,2,Sổ hồng,2,12 m,Nhà trống
70 m²,6.3 tỷ,4.8 m,3,2,Sổ hồng,2,12 m,Nhà trống
28 m²,1.68 tỷ,3 m,2,2,Sổ hồng,2,9.5 m,Đang ở
70 m²,2.5 tỷ,4 m,3,3,Sổ hồng,2,17 m,Có nội thất
100 m²,2.3 tỷ,6 m,2,2,Sổ hồng,1,16 m,Nhà trống
69 m²,3.5 tỷ,3.6 m,3,2,Sổ hồng,2,18 m,Nhà trống
64 m²,1.85 tỷ,4.6 m,2,1,Sổ hồng,1,14 m,Nhà trống
70 m²,3.58 tỷ,5.5 m,3,2,Sổ hồng,2,10.8 m,Đang ở
385 m²,55 tỷ,11.2 m,5,5,Sổ hồng,3,35 m,Đang ở
61 m²,4.9 tỷ,5 m,2,2,Sổ hồng,2,12 m,Đang ở
265 m²,18 tỷ,11 m,5,5,Sổ hồng,5,24 m,Đang ở
51 m²,3.75 tỷ,4 m,3,4,Sổ đỏ,3,13 m,Nhà trống
50 m²,3.45 tỷ,5 m,3,3,Sổ đỏ,3,10 m,Đang ở
85 m²,4.8 tỷ,5 m,3,4,Sổ đỏ,3,17 m,Nhà trống
64 m²,1.85 tỷ,4.6 m,2,1,Sổ hồng,1,14 m,Nhà trống
24 m²,1.45 tỷ,3 m,1,2,Sổ hồng,2,8 m,Nhà trống
90 m²,2.85 tỷ,5 m,3,3,Sổ đỏ,2,19 m,Nhà trống
117 m²,13.8 tỷ,,3,3,Sổ đỏ,2,,Đang ở
265 m²,18 tỷ,11 m,5,5,Sổ hồng,5,24 m,Đang ở
73 m²,2.45 tỷ,10 m,4,2,Sổ hồng,2,17.3 m,Đang ở
220 m²,34.9 tỷ,10 m,5,5,Sổ đỏ,4,22 m,Đang ở
70 m²,3.58 tỷ,5.5 m,3,2,Sổ hồng,2,10.8 m,Đang ở
69 m²,3.5 tỷ,3.6 m,3,2,Sổ hồng,2,18 m,Nhà trống
78 m²,3.45 tỷ,6 m,2,2,Sổ hồng,2,13 m,Đang ở
41 m²,6.1 tỷ,3.5 m,3,3,Sổ hồng,3,12 m,Nhà trống
195 m²,12.5 tỷ,10 m,3,4,Sổ hồng,2,19.5 m,Nhà trống
95 m²,5.25 tỷ,5 m,5,4,Sổ hồng,3,19 m,Đang ở
60 m²,4.1 tỷ,5.4 m,3,3,Sổ hồng,4,11 m,Nhà trống
68 m²,3.5 tỷ,3.6 m,3,2,Sổ đỏ,2,19 m,Nhà trống
86 m²,1.6 tỷ,6 m,2,2,Sổ đỏ,,14 m,Nhà trống
50 m²,2.65 tỷ,5 m,3,3,Sổ hồng,2,10 m,Có nội thất
68 m²,3.5 tỷ,3.6 m,3,2,Sổ hồng,2,18 m,Đang ở
70 m²,7.9 tỷ,5 m,4,5,Sổ đỏ,5,19 m,Nhà trống
70 m²,7.9 tỷ,5 m,4,5,Sổ đỏ,5,19 m,Đang ở
165 m²,14 tỷ,6.5 m,3,2,Sổ hồng,1,28 m,Đang ở
108 m²,2.8 tỷ,5.5 m,3,2,Sổ hồng,2,19 m,Đang ở
20 m²,1.35 tỷ,4 m,2,2,Sổ hồng,2,5 m,Đang ở
41 m²,2.95 tỷ,3.1 m,3,3,Sổ hồng,3,13 m,Nhà trống
52 m²,3.25 tỷ,3.5 m,3,2,Sổ hồng,2,14 m,Nhà trống
48 m²,4.18 tỷ,8 m,3,3,Sổ hồng,3,6 m,Đang ở
86 m²,3.3 tỷ,5 m,3,2,Sổ đỏ,2,17 m,Đang ở
70 m²,2.55 tỷ,4.5 m,3,2,Sổ hồng,2,15 m,Nhà trống
56 m²,1.72 tỷ,5 m,3,2,Sổ hồng,2,10 m,Nhà trống
96 m²,11.99 tỷ,5 m,3,3,Sổ hồng,2,19.5 m,Nhà trống
30 m²,2.19 tỷ,3.5 m,2,2,Sổ hồng,3,8.4 m,Nhà trống
130 m²,15 tỷ,6.3 m,3,3,Sổ hồng,2,18 m,Nhà trống
30 m²,1.25 tỷ,4 m,2,2,Sổ hồng,2,7.5 m,Nhà trống
61 m²,2.49 tỷ,4 m,2,2,Sổ đỏ,2,15.3 m,Nhà trống
61 m²,2.49 tỷ,4 m,2,2,Sổ đỏ,2,15.3 m,Đang ở
50 m²,2.65 tỷ,5 m,3,3,Sổ hồng,2,10 m,Có nội thất
38 m²,2.19 tỷ,4 m,2,2,Sổ hồng,2,9.5 m,Nhà trống
60 m²,4.15 tỷ,4.5 m,3,3,Sổ hồng,3,13.5 m,Đang ở
70 m²,2.48 tỷ,5 m,4,4,Sổ hồng,1,14 m,Đang ở
100 m²,16.5 tỷ,4.5 m,5,5,Sổ hồng,3,22 m,Đang ở
61 m²,2.5 tỷ,4 m,2,2,Sổ hồng,2,15 m,Đang ở
50 m²,3.45 tỷ,5 m,3,3,Sổ đỏ,3,10 m,Nhà trống
115 m²,10.1 tỷ,,4,2,Sổ đỏ,2,,Đang ở
43 m²,2.65 tỷ,3.8 m,3,2,Sổ hồng,2,12 m,Nhà trống
90 m²,3.9 tỷ,7.2 m,3,2,Sổ hồng,2,13 m,Nhà trống
183 m²,10 tỷ,,4,3,Sổ đỏ,2,,Đang ở
80 m²,5.95 tỷ,4.5 m,5,5,Sổ hồng,4,18 m,Nhà trống
77 m²,4 tỷ,4.5 m,5,5,Sổ hồng,3,16 m,Đang ở
33 m²,1.56 tỷ,3 m,2,2,Sổ hồng,2,11 m,Đang ở
75 m²,3.5 tỷ,5 m,2,2,Sổ hồng,2,15 m,Nhà trống
90 m²,3.79 tỷ,4.5 m,4,,Sổ đỏ,3,20 m,Nhà trống
74 m²,1.75 tỷ,5.5 m,1,1,Sổ hồng,1,13.7 m,Đang ở
100 m²,16.5 tỷ,4.5 m,5,5,Sổ hồng,3,22 m,Nhà trống
89 m²,8.7 tỷ,8 m,3,3,Sổ hồng,2,11.1 m,Nhà trống
48 m²,2.95 tỷ,5 m,3,3,Sổ hồng,3,9.5 m,Nhà trống
55 m²,2.15 tỷ,5 m,2,2,Sổ đỏ,2,8 m,Nhà trống
74 m²,1.75 tỷ,5.5 m,1,1,Sổ hồng,1,13.7 m,Đang ở
110 m²,4.39 tỷ,5 m,5,5,Sổ hồng,2,22 m,Nhà trống
60 m²,4.15 tỷ,4.5 m,3,3,Sổ hồng,3,13.5 m,Đang ở
100 m²,5.4 tỷ,5 m,5,5,Sổ hồng,4,20 m,Có nội thất
88 m²,5.2 tỷ,6.5 m,2,1,Sổ hồng,1,13.6 m,Đang ở
63 m²,2.99 tỷ,7 m,3,3,Sổ hồng,2,9 m,Nhà trống
85 m²,3.2 tỷ,3.7 m,3,2,Sổ hồng,2,23 m,Đang ở
43 m²,2.65 tỷ,3.8 m,3,2,Sổ hồng,2,12 m,Đang ở
61 m²,2.29 tỷ,4 m,2,2,Sổ hồng,1,15 m,Nhà trống
63 m²,8.5 tỷ,4 m,3,5,Sổ hồng,3,15.5 m,Nhà trống
84 m²,6.2 tỷ,4.5 m,3,4,Sổ hồng,3,18.6 m,Đang ở
43 m²,2.27 tỷ,10 m,2,2,Sổ hồng,2,4.3 m,Đang ở
65 m²,3.15 tỷ,5 m,3,2,Sổ hồng,3,12.5 m,Đang ở
43 m²,2.65 tỷ,3.8 m,3,2,Sổ hồng,2,12 m,Đang ở
40 m²,2.65 tỷ,5.5 m,3,2,Sổ đỏ,2,7.2 m,Nhà trống
52 m²,1.92 tỷ,4.2 m,2,2,Sổ đỏ,2,12.4 m,Đang ở
60 m²,2.75 tỷ,4 m,3,3,Sổ đỏ,3,15 m,Nhà trống
30 m²,2.09 tỷ,4 m,2,2,Sổ đỏ,2,8 m,Đang ở
140 m²,11 tỷ,7 m,5,5,Sổ đỏ,4,20 m,Đang ở
76 m²,4.6 tỷ,5 m,3,4,Sổ đỏ,3,16 m,Đang ở
97 m²,3.75 tỷ,5 m,3,3,Sổ đỏ,2,19.5 m,Đang ở
97 m²,3.75 tỷ,5 m,3,3,Sổ đỏ,2,19.5 m,Đang ở
42 m²,2.2 tỷ,4 m,3,2,Sổ đỏ,2,10 m,Nhà trống
78 m²,2.15 tỷ,5.5 m,3,2,Sổ đỏ,1,13 m,Đang ở
68 m²,2.54 tỷ,5 m,3,2,Sổ hồng,2,12.6 m,Nhà trống
57 m²,3.59 tỷ,6.5 m,3,3,Sổ hồng,2,8.5 m,Nhà trống
63 m²,4.15 tỷ,5 m,4,3,Sổ hồng,3,12.6 m,Nhà trống
271 m²,17 tỷ,5.2 m,5,5,Sổ hồng,4,40 m,Nhà trống
110 m²,11 tỷ,6 m,3,2,Sổ hồng,2,18 m,Đang ở
61 m²,2.3 tỷ,4 m,2,2,Sổ hồng,1,15 m,Nhà trống
68 m²,2.3 tỷ,5.6 m,4,2,Sổ hồng,2,16 m,Nhà trống
80 m²,4.9 tỷ,5 m,3,4,Sổ đỏ,3,16 m,Đang ở
68 m²,4.95 tỷ,5 m,3,4,Sổ đỏ,3,13.5 m,Nhà trống
42 m²,3.1 tỷ,4.5 m,3,2,Sổ đỏ,2,9 m,Nhà trống
52 m²,2.65 tỷ,4 m,3,3,Sổ đỏ,2,13 m,Đang ở
90 m²,3.8 tỷ,4.5 m,3,3,Sổ hồng,3,20 m,Nhà trống
78 m²,8.9 tỷ,4.5 m,5,5,Sổ hồng,5,18 m,Nhà trống
105 m²,8.99 tỷ,5 m,5,5,Sổ hồng,5,21 m,Đang ở
90 m²,5.69 tỷ,4.5 m,2,1,Sổ hồng,1,20 m,Nhà trống
105 m²,4.1 tỷ,3.7 m,3,2,Sổ hồng,2,29 m,Nhà trống
160 m²,11.99 tỷ,7.5 m,5,5,Sổ hồng,5,26 m,Nhà trống
59 m²,4.2 tỷ,4.5 m,2,2,Sổ hồng,2,13 m,Đang ở
145 m²,9.89 tỷ,4.6 m,4,5,Sổ hồng,3,30 m,Nhà trống
35 m²,1.55 tỷ,4 m,2,2,Sổ hồng,1,9 m,Đang ở
30 m²,2.1 tỷ,3.5 m,2,2,Sổ hồng,3,8.4 m,Nhà trống
40 m²,1.73 tỷ,8 m,2,2,Sổ hồng,2,5 m,Nhà trống
70 m²,13.5 tỷ,5 m,3,4,Sổ hồng,4,14 m,Đang ở
100 m²,4.65 tỷ,4.6 m,3,2,Sổ hồng,2,27.3 m,Nhà trống
40 m²,1.55 tỷ,4 m,2,2,Sổ hồng,2,10 m,Đang ở
41 m²,2.7 tỷ,4 m,2,2,Sổ hồng,2,10 m,Nhà trống
93 m²,5.2 tỷ,5 m,3,2,Sổ hồng,2,18.5 m,Nhà trống
40 m²,2.55 tỷ,3.6 m,2,2,Sổ hồng,2,10.6 m,Đang ở
59 m²,3.9 tỷ,4.5 m,2,2,Sổ hồng,2,13 m,Nhà trống
127 m²,4.9 tỷ,5 m,3,3,Sổ đỏ,2,25.5 m,Nhà trống
100 m²,5.4 tỷ,5 m,3,4,Hợp đồng mua bán,3,20 m,Nhà trống
73 m²,4.8 tỷ,4 m,3,3,Sổ hồng,3,18.1 m,Nhà trống
55 m²,2.8 tỷ,4.3 m,3,2,Sổ hồng,2,12.2 m,Nhà trống
222 m²,5.5 tỷ,5 m,5,4,Sổ đỏ,2,45 m,Nhà trống
42 m²,2.15 tỷ,3.5 m,2,2,Sổ hồng,2,12 m,Nhà trống
75 m²,5.25 tỷ,5 m,4,4,Sổ đỏ,3,15 m,Nhà trống
70 m²,4.3 tỷ,7 m,5,5,Sổ hồng,3,10 m,Nhà trống
75 m²,4.8 tỷ,5 m,3,4,Sổ đỏ,3,15 m,Nhà trống
180 m²,12.7 tỷ,10 m,4,5,Sổ đỏ,3,18 m,Nhà trống
93 m²,5.4 tỷ,5 m,3,4,Sổ đỏ,3,18.5 m,Nhà trống
91 m²,4.45 tỷ,5 m,3,4,Sổ đỏ,3,18.2 m,Đang ở
131 m²,3.85 tỷ,8 m,3,3,Sổ đỏ,3,15 m,Đang ở
62 m²,5.1 tỷ,4.6 m,4,3,Sổ đỏ,3,13.5 m,Nhà trống
120 m²,1.65 tỷ,10 m,3,3,Sổ đỏ,3,12 m,Đang ở
90 m²,5.5 tỷ,,8,,Sổ hồng,,,
80 m²,2.92 tỷ,5 m,3,3,Sổ đỏ,3,18 m,Đang ở
31 m²,1.39 tỷ,4 m,2,2,Sổ đỏ,2,8 m,Đang ở
116 m²,5.35 tỷ,5 m,5,5,Sổ đỏ,3,22.5 m,Đang ở
68 m²,4.95 tỷ,5 m,3,4,Sổ đỏ,3,13.5 m,Nhà trống
80 m²,5.1 tỷ,5 m,3,4,Sổ đỏ,3,16 m,Đang ở
51 m²,2.6 tỷ,4.5 m,2,2,Sổ hồng,2,12.5 m,Đang ở
52 m²,2.85 tỷ,4.3 m,2,2,Sổ hồng,2,12 m,Đang ở
71 m²,11.99 tỷ,5 m,4,4,Sổ hồng,4,14 m,Nhà trống
62 m²,3.2 tỷ,7.6 m,3,3,Sổ đỏ,2,8 m,Nhà trống
42 m²,3.1 tỷ,4.5 m,3,2,Sổ đỏ,2,9 m,Đang ở
60 m²,2.75 tỷ,4 m,3,3,Sổ đỏ,3,15 m,Nhà trống
100 m²,4.15 tỷ,5 m,3,3,Sổ đỏ,3,20 m,Nhà trống
90 m²,6.49 tỷ,5 m,4,4,Sổ đỏ,3,18 m,Nhà trống
72 m²,3.3 tỷ,5 m,3,2,Sổ đỏ,2,15 m,Đang ở
70 m²,4.8 tỷ,5 m,3,4,Sổ đỏ,3,14 m,Nhà trống
74 m²,3.55 tỷ,4.2 m,3,2,Sổ hồng,2,18 m,Đang ở
100 m²,4.6 tỷ,5 m,3,2,Sổ hồng,2,20 m,Nhà trống
127 m²,7.6 tỷ,5 m,5,5,Sổ hồng,4,25.5 m,Nhà trống
300 m²,15 tỷ,15 m,5,4,Sổ hồng,3,20 m,Nhà trống
283 m²,13 tỷ,14 m,4,3,Sổ hồng,2,20 m,Đang ở
70 m²,3.6 tỷ,5 m,3,2,Sổ hồng,2,14 m,Nhà trống
80 m²,2.15 tỷ,5 m,2,1,Sổ đỏ,2,16 m,Đang ở
97 m²,3.75 tỷ,5 m,3,3,Sổ đỏ,2,19.5 m,Đang ở
80 m²,3.99 tỷ,5 m,3,4,Sổ đỏ,3,16 m,Đang ở
91 m²,6.35 tỷ,5 m,3,4,Sổ đỏ,3,18.1 m,Đang ở
44 m²,4.39 tỷ,6 m,3,4,Sổ đỏ,4,7 m,Đang ở
80 m²,2.15 tỷ,5 m,2,1,Sổ đỏ,2,16 m,Nhà trống
93 m²,1.3 tỷ,10.5 m,2,1,Sổ đỏ,1,9 m,Nhà trống
60 m²,2.65 tỷ,4 m,3,3,Sổ đỏ,3,15 m,Nhà trống
91 m²,2.89 tỷ,5 m,3,3,Sổ đỏ,2,18 m,Đang ở
42 m²,3.1 tỷ,4.5 m,3,2,Sổ đỏ,2,9 m,Nhà trống
63 m²,2.5 tỷ,5 m,3,3,Sổ đỏ,2,14 m,Đang ở
40 m²,1.85 tỷ,4 m,2,2,Sổ đỏ,1,10 m,Đang ở
45 m²,3.4 tỷ,4.5 m,4,4,Sổ đỏ,3,10 m,Nhà trống
127 m²,7.6 tỷ,5 m,5,5,Sổ hồng,4,25.5 m,Đang ở
110 m²,3.35 tỷ,5 m,2,1,Sổ hồng,1,22 m,Đang ở
170 m²,8.5 tỷ,6.2 m,4,4,Sổ hồng,2,27.6 m,Nhà trống
288 m²,32.9 tỷ,10 m,5,4,Sổ hồng,3,18.8 m,Đang ở
80 m²,6.2 tỷ,3.5 m,3,3,Sổ hồng,3,26 m,Đang ở
85 m²,7.2 tỷ,,,,Sổ hồng,,,
252 m²,15 tỷ,14 m,4,4,Sổ hồng,4,18 m,Nhà trống
100 m²,2.75 tỷ,5 m,3,1,Sổ hồng,2,20 m,Đang ở
200 m²,11.5 tỷ,10 m,3,3,Sổ hồng,3,20 m,Nhà trống
40 m²,1.55 tỷ,4 m,2,2,Sổ hồng,2,10 m,Nhà trống
100 m²,5.1 tỷ,5 m,3,3,Sổ hồng,3,20 m,Đang ở
170 m²,8.5 tỷ,6.2 m,4,4,Sổ hồng,2,27.6 m,Đang ở
100 m²,2.75 tỷ,5 m,3,1,Sổ hồng,2,20 m,Nhà trống
97 m²,1.32 tỷ,5 m,,,Sổ hồng,,18.5 m,Đang ở
120 m²,6.9 tỷ,,,,Sổ hồng,,,
67 m²,3.8 tỷ,4.2 m,3,2,Sổ hồng,2,16 m,Đang ở
73 m²,4.8 tỷ,4 m,3,3,Sổ hồng,3,18.1 m,Nhà trống
60 m²,5.95 tỷ,5 m,3,4,Sổ đỏ,3,12 m,Nhà trống
175 m²,11 tỷ,6.5 m,4,5,Sổ hồng,3,28 m,Nhà trống
70 m²,2.9 tỷ,5 m,3,2,Sổ hồng,1,14 m,Đang ở
62 m²,3.2 tỷ,5 m,3,2,Sổ hồng,2,12 m,Đang ở
110 m²,3.35 tỷ,5 m,2,1,Sổ hồng,1,22 m,Nhà trống
52 m²,2.85 tỷ,4.3 m,2,2,Sổ hồng,2,12 m,Nhà trống
76 m²,4.6 tỷ,,5,5,Sổ đỏ,3,,Nhà trống
80 m²,2.15 tỷ,5 m,2,2,Sổ đỏ,2,16 m,Đang ở
60 m²,3.25 tỷ,12 m,3,3,Sổ đỏ,3,5 m,Đang ở
42 m²,2.55 tỷ,5 m,3,3,Sổ đỏ,3,8 m,Đang ở
93 m²,5.4 tỷ,5 m,3,4,Sổ đỏ,3,18.5 m,Nhà trống
40 m²,3.55 tỷ,4.6 m,3,3,Sổ hồng,3,9 m,Đang ở
28 m²,1.69 tỷ,3.3 m,2,2,Sổ hồng,2,8 m,Đang ở
80 m²,6.6 tỷ,5 m,5,5,Sổ hồng,4,16 m,Nhà trống
87 m²,7.6 tỷ,4.8 m,5,5,Sổ hồng,4,18 m,Nhà trống
50 m²,3.45 tỷ,5 m,3,3,Sổ đỏ,3,10 m,Đang ở
50 m²,3.45 tỷ,5 m,3,3,Sổ đỏ,3,10 m,Nhà trống
42 m²,1.75 tỷ,10 m,2,1,Sổ hồng,1,4.3 m,Nhà trống
125 m²,8 tỷ,4.5 m,3,2,Sổ hồng,2,23 m,Đang ở
70 m²,5.9 tỷ,5 m,3,3,Sổ đỏ,3,15 m,Đang ở
120 m²,3.9 tỷ,5.5 m,5,5,Sổ đỏ,1,22 m,Nhà trống
85 m²,4.8 tỷ,5 m,3,4,Sổ đỏ,3,17 m,Nhà trống
120 m²,6.75 tỷ,,5,6,,,,
67 m²,3.8 tỷ,4.2 m,3,2,Sổ hồng,2,16 m,Nhà trống
75 m²,2.95 tỷ,5 m,3,3,Sổ hồng,2,15 m,Đang ở
100 m²,4.9 tỷ,,,,Sổ hồng,,,
185 m²,18.3 tỷ,7 m,5,5,Sổ hồng,5,27 m,Đang ở
405 m²,62 tỷ,10 m,4,3,Sổ hồng,1,40 m,Nhà trống
40 m²,2.55 tỷ,3.6 m,2,2,Sổ hồng,2,10.6 m,Đang ở
77 m²,4.6 tỷ,4.5 m,5,5,Sổ hồng,3,16 m,Nhà trống
86 m²,5.99 tỷ,4.5 m,5,5,Sổ hồng,4,19 m,Đang ở
60 m²,6.5 tỷ,4 m,3,2,Sổ hồng,3,15 m,Nhà trống
86 m²,5.99 tỷ,4.5 m,5,5,Sổ hồng,4,19 m,Nhà trống
180 m²,7 tỷ,9 m,3,1,Sổ hồng,2,20 m,Đang ở
123 m²,2.9 tỷ,4.7 m,2,1,Sổ hồng,1,1 m,Nhà trống
180 m²,12.7 tỷ,10 m,4,5,Sổ đỏ,3,18 m,Nhà trống
45 m²,2.95 tỷ,8 m,3,2,Sổ hồng,2,5.5 m,Nhà trống
120 m²,7.88 tỷ,5 m,4,4,Sổ đỏ,4,24 m,Đang ở
54 m²,2.48 tỷ,3.5 m,2,3,Sổ đỏ,2,15 m,Nhà trống
58 m²,4.55 tỷ,5 m,4,4,Sổ đỏ,3,12 m,Nhà trống
50 m²,4.1 tỷ,4.5 m,4,4,Sổ đỏ,4,11 m,Đang ở
42 m²,2.55 tỷ,5 m,3,3,Sổ đỏ,3,8 m,Nhà trống
80 m²,2.75 tỷ,5 m,3,3,Sổ đỏ,3,16 m,Đang ở
93 m²,5.4 tỷ,5 m,3,4,Sổ đỏ,3,18.5 m,Đang ở
60 m²,3.8 tỷ,5 m,3,3,Sổ đỏ,3,12 m,Đang ở
93 m²,5.9 tỷ,5 m,4,4,Sổ đỏ,3,18.5 m,Đang ở
58 m²,3.38 tỷ,4 m,3,3,Sổ đỏ,3,13.2 m,Nhà trống
50 m²,3.55 tỷ,5 m,3,3,Sổ đỏ,3,10 m,Nhà trống
50 m²,3.5 tỷ,7 m,3,3,Sổ đỏ,3,7 m,Nhà trống
65 m²,4.19 tỷ,5 m,4,4,Sổ đỏ,3,13 m,Nhà trống
43 m²,2.57 tỷ,5 m,3,3,Sổ đỏ,3,9 m,Nhà trống
52 m²,2.68 tỷ,4.5 m,3,3,Sổ đỏ,3,12 m,Nhà trống
131 m²,3.85 tỷ,8 m,3,3,Sổ đỏ,3,15 m,Đang ở
51 m²,3.75 tỷ,4 m,3,4,Sổ đỏ,3,13 m,Nhà trống
70 m²,5.85 tỷ,5 m,3,4,Sổ đỏ,2,14 m,Nhà trống
70 m²,5.85 tỷ,5 m,3,4,Sổ đỏ,2,14 m,Nhà trống
50 m²,3.44 tỷ,5 m,3,4,Sổ đỏ,3,10 m,Nhà trống
83 m²,3.8 tỷ,5 m,3,3,Sổ đỏ,3,17 m,Nhà trống
56 m²,3.4 tỷ,6.5 m,3,3,Sổ đỏ,3,9 m,Nhà trống
38 m²,2.18 tỷ,7 m,2,2,Sổ đỏ,2,6 m,Đang ở
100 m²,3.59 tỷ,5 m,3,4,Sổ đỏ,3,20 m,Nhà trống
100 m²,4.29 tỷ,5 m,3,4,Sổ đỏ,3,20 m,Đang ở
50 m²,3.55 tỷ,5 m,4,4,Sổ đỏ,3,10 m,Đang ở
44 m²,4.39 tỷ,6 m,3,4,Sổ đỏ,4,7 m,Nhà trống
100 m²,14 tỷ,5 m,4,4,Sổ đỏ,3,20 m,Đang ở
60 m²,2.65 tỷ,4 m,3,3,Sổ đỏ,3,15 m,Nhà trống
65 m²,3.95 tỷ,7 m,3,3,Sổ đỏ,3,9 m,Đang ở
52 m²,1.86 tỷ,5 m,3,2,Sổ đỏ,2,10 m,Đang ở
100 m²,4.7 tỷ,5 m,4,3,Sổ hồng,3,20 m,Đang ở
34 m²,1.99 tỷ,3 m,3,2,Sổ đỏ,3,11 m,Nhà trống
91 m²,2.89 tỷ,5 m,3,3,Sổ đỏ,2,18 m,Nhà trống
43 m²,1.95 tỷ,4 m,2,1,Sổ đỏ,2,11 m,Nhà trống
300 m²,12.9 tỷ,21 m,5,5,Sổ đỏ,4,15 m,Đang ở
142 m²,3.85 tỷ,10 m,5,5,Sổ hồng,2,14.2 m,Đang ở
100 m²,5.8 tỷ,7.8 m,3,2,Sổ hồng,2,23 m,Đang ở
42 m²,3.1 tỷ,4.5 m,3,2,Sổ đỏ,2,9 m,Nhà trống
40 m²,1.85 tỷ,4 m,2,2,Sổ đỏ,1,10 m,Nhà trống
88 m²,4.8 tỷ,5 m,4,3,Sổ hồng,3,17.5 m,Nhà trống
75 m²,3.4 tỷ,5 m,2,1,Sổ đỏ,1,15 m,Đang ở
96 m²,4.15 tỷ,5 m,4,4,Sổ hồng,3,19.25 m,Nhà trống
80 m²,2.15 tỷ,5 m,2,2,Sổ đỏ,2,16 m,Đang ở
60 m²,3.29 tỷ,12 m,3,3,Sổ đỏ,3,5 m,Đang ở
100 m²,10.5 tỷ,5 m,4,4,Sổ đỏ,4,20 m,Đang ở
63 m²,2.5 tỷ,5 m,3,3,Sổ đỏ,2,14 m,Nhà trống
102 m²,3.69 tỷ,5 m,3,3,Sổ đỏ,2,20 m,Đang ở
165 m²,19.79 tỷ,11 m,4,4,Sổ đỏ,3,15 m,Nhà trống
100 m²,10.5 tỷ,5 m,4,4,Sổ đỏ,4,20 m,Đang ở
61 m²,2.98 tỷ,5 m,3,3,Sổ đỏ,3,13 m,Nhà trống
90 m²,3.79 tỷ,13 m,3,3,Sổ đỏ,2,8 m,Đang ở
90 m²,11.8 tỷ,5 m,5,5,Sổ đỏ,5,18 m,Đang ở
75 m²,7.6 tỷ,5 m,4,4,Sổ hồng,4,15 m,Đang ở
33 m²,1.79 tỷ,3.3 m,2,2,Sổ hồng,2,10 m,Đang ở
80 m²,4.3 tỷ,16 m,3,2,Sổ hồng,2,20 m,Đang ở
80 m²,4.7 tỷ,5 m,4,4,Sổ hồng,3,16 m,Đang ở
42 m²,1.75 tỷ,10 m,2,1,Sổ hồng,1,4.3 m,Nhà trống
60 m²,3.1 tỷ,5 m,3,3,Sổ đỏ,3,12 m,Nhà trống
63 m²,2.5 tỷ,5 m,3,3,Sổ đỏ,2,14 m,Đang ở
83 m²,2.35 tỷ,5.6 m,3,2,Sổ đỏ,1,16.5 m,Đang ở
61 m²,2.48 tỷ,12 m,3,3,Sổ đỏ,2,5 m,Nhà trống
105 m²,3.8 tỷ,5 m,3,3,Sổ đỏ,2,21 m,Đang ở
100 m²,9.4 tỷ,5 m,5,5,Sổ đỏ,5,20 m,Nhà trống
50 m²,3.85 tỷ,4 m,4,4,Sổ đỏ,4,13 m,Đang ở
100 m²,5.8 tỷ,5 m,3,3,Sổ đỏ,3,20 m,Đang ở
100 m²,6.25 tỷ,5 m,3,3,Sổ hồng,3,20 m,Nhà trống
100 m²,6.39 tỷ,5 m,3,3,Sổ đỏ,3,20 m,Nhà trống
65 m²,13 tỷ,5 m,4,4,Sổ hồng,3,13 m,Đang ở
123 m²,2.9 tỷ,4.7 m,2,1,Sổ hồng,1,1 m,Nhà trống
44 m²,2.85 tỷ,4 m,3,2,Sổ hồng,3,11 m,Nhà trống
44 m²,2.85 tỷ,4 m,2,2,Sổ hồng,3,11 m,Nhà trống
50 m²,3.55 tỷ,4.5 m,2,2,Sổ hồng,3,11 m,Nhà trống
91 m²,6.35 tỷ,5 m,3,4,Sổ đỏ,3,18.1 m,Nhà trống
68 m²,3.49 tỷ,5.5 m,3,3,Sổ đỏ,3,14 m,Đang ở
58 m²,3.49 tỷ,4 m,3,3,Sổ đỏ,1,14 m,Nhà trống
98 m²,3.5 tỷ,7 m,3,2,Sổ đỏ,2,14 m,Nhà trống
70 m²,3.15 tỷ,5 m,3,3,Sổ đỏ,3,15 m,Đang ở
44 m²,2.85 tỷ,4 m,3,2,Sổ hồng,3,11 m,Nhà trống
72 m²,5.4 tỷ,5 m,3,4,Sổ đỏ,3,16 m,Nhà trống
46 m²,1.99 tỷ,4.2 m,3,2,Sổ hồng,2,10 m,Đang ở
142 m²,3.9 tỷ,14 m,5,5,Sổ hồng,2,10 m,Nhà trống
110 m²,7.9 tỷ,6.5 m,5,5,Sổ hồng,3,17 m,Đang ở
160 m²,8.2 tỷ,8 m,5,5,Sổ hồng,1,20 m,Đang ở
53 m²,7.2 tỷ,5 m,5,5,Sổ hồng,5,10.4 m,Đang ở
50 m²,3.75 tỷ,5 m,3,3,Sổ hồng,3,10 m,Đang ở
58 m²,3.49 tỷ,4 m,3,3,Sổ đỏ,1,14 m,Đang ở
100 m²,5.8 tỷ,,4,3,Sổ đỏ,3,,Nhà trống
22 m²,1.25 tỷ,3.5 m,2,1,Sổ hồng,2,7 m,Đang ở
65 m²,5.59 tỷ,4 m,3,3,Sổ đỏ,2,17 m,Nhà trống
75 m²,3.99 tỷ,4 m,3,3,Sổ đỏ,3,19 m,Đang ở
87 m²,7.6 tỷ,4.8 m,5,5,Sổ hồng,4,18 m,Nhà trống
90 m²,4.9 tỷ,5 m,3,3,Sổ hồng,2,18 m,Đang ở
73 m²,6.2 tỷ,4.1 m,3,2,Sổ hồng,2,18 m,Nhà trống
60 m²,3.9 tỷ,4.2 m,3,3,Sổ hồng,3,16 m,Nhà trống
243 m²,6.35 tỷ,,4,4,Sổ đỏ,3,,Nhà trống
60 m²,5.95 tỷ,5 m,3,4,Sổ đỏ,3,12 m,Nhà trống
182 m²,18.5 tỷ,7 m,5,5,Sổ đỏ,5,25 m,Nhà trống
182 m²,183 triệu,7 m,,,Sổ đỏ,5,25 m,Nhà trống
90 m²,4.3 tỷ,,,,Sổ đỏ,,,Nhà trống
61 m²,4.69 tỷ,4.5 m,3,3,Sổ đỏ,4,14 m,Đang ở
83 m²,6.99 tỷ,5 m,3,3,Sổ đỏ,3,17 m,Nhà trống
66 m²,4.89 tỷ,7 m,3,3,Sổ đỏ,3,9 m,Đang ở
82 m²,4.49 tỷ,4.5 m,2,3,Sổ đỏ,2,18.5 m,Đang ở
90 m²,2.25 tỷ,,3,2,Sổ đỏ,2,,Đang ở
100 m²,4.9 tỷ,5 m,4,2,Sổ hồng,2,20 m,Nhà trống
17 m²,1.2 tỷ,3.5 m,2,1,Sổ hồng,2,5.6 m,Nhà trống
60 m²,6.6 tỷ,4 m,5,5,Sổ hồng,4,15 m,Nhà trống
90 m²,4.9 tỷ,5 m,4,4,Sổ hồng,2,18 m,Nhà trống
53 m²,2 tỷ,,,,Sổ đỏ,,,Nhà trống
400 m²,8 tỷ,,,,Sổ đỏ,5,,Đang ở
105 m²,13.9 tỷ,4.5 m,3,3,Sổ đỏ,3,23 m,Đang ở
110 m²,10.49 tỷ,6 m,5,4,Sổ đỏ,4,19 m,Nhà trống
49 m²,2.35 tỷ,5 m,2,2,Sổ hồng,2,9.6 m,Đang ở
90 m²,5.8 tỷ,5 m,3,2,Sổ hồng,2,18 m,Đang ở
95 m²,11.5 tỷ,7.2 m,1,1,Sổ hồng,1,13 m,Đang ở
95 m²,5.95 tỷ,5 m,4,4,Sổ hồng,3,19 m,Nhà trống
75 m²,6.9 tỷ,5 m,5,4,Sổ hồng,3,15 m,Đang ở
"2,000 m²",2.2 tỷ,,3,3,Sổ đỏ,1,,Nhà trống
100 m²,3.4 tỷ,5 m,4,4,Sổ đỏ,4,20 m,Đang ở
80 m²,4.09 tỷ,5 m,3,4,Sổ đỏ,3,16 m,Nhà trống
100 m²,5.5 tỷ,5 m,3,4,Sổ đỏ,3,20 m,Đang ở
190 m²,14 tỷ,10 m,5,5,Sổ đỏ,5,19 m,Nhà trống
70 m²,4.8 tỷ,5 m,3,4,Sổ đỏ,3,14 m,Nhà trống
100 m²,5.5 tỷ,5 m,5,3,Sổ hồng,3,20 m,Nhà trống
80 m²,6.6 tỷ,5 m,5,5,Sổ hồng,4,16 m,Nhà trống
60 m²,6.6 tỷ,4 m,3,2,Sổ hồng,3,15 m,Nhà trống
86 m²,5.99 tỷ,4.5 m,5,5,Sổ hồng,4,19 m,Đang ở
68 m²,7.2 tỷ,4.5 m,3,3,Sổ hồng,3,15 m,Đang ở
65 m²,2.95 tỷ,4.4 m,2,2,Sổ đỏ,2,14.7 m,Nhà trống
120 m²,6.7 tỷ,5 m,5,4,Sổ đỏ,3,24 m,Đang ở
65 m²,3.33 tỷ,3.5 m,3,1,Sổ hồng,1,18 m,Nhà trống
180 m²,5.75 tỷ,10 m,5,5,Sổ đỏ,2,18 m,Đang ở
100 m²,5.5 tỷ,5 m,5,3,Sổ hồng,3,20 m,Nhà trống
65 m²,2.95 tỷ,4.4 m,2,2,Sổ đỏ,2,14.7 m,Nhà trống
42 m²,2.55 tỷ,4.2 m,3,3,Sổ đỏ,3,10 m,Đang ở
40 m²,1.75 tỷ,3 m,2,2,Sổ đỏ,2,13.4 m,Nhà trống
68 m²,3.5 tỷ,5.5 m,3,3,Sổ đỏ,3,13 m,Nhà trống
60 m²,2.29 tỷ,5 m,3,2,Sổ đỏ,2,12 m,Nhà trống
72 m²,3.3 tỷ,5 m,3,2,Sổ đỏ,2,15 m,Đang ở
185 m²,18.3 tỷ,7 m,5,5,Sổ hồng,5,27 m,Đang ở
160 m²,9 tỷ,10 m,4,4,Sổ đỏ,2,18 m,Đang ở
93 m²,3.4 tỷ,5 m,3,2,Sổ hồng,2,18.5 m,Nhà trống
42 m²,3.1 tỷ,3.5 m,3,2,Sổ hồng,2,12.5 m,Nhà trống
86 m²,5.99 tỷ,4.5 m,5,5,Sổ hồng,4,19 m,Đang ở
50 m²,2.35 tỷ,4 m,2,2,Sổ đỏ,2,10 m,Đang ở
100 m²,10 tỷ,5 m,5,5,Sổ đỏ,5,20 m,Đang ở
100 m²,13.9 tỷ,4 m,4,5,Sổ hồng,4,25 m,Đang ở
100 m²,13.9 tỷ,4 m,4,5,Sổ hồng,4,25 m,Đang ở
87 m²,7.9 tỷ,5 m,4,5,Sổ đỏ,5,15 m,Nhà trống
130 m²,3.75 tỷ,5 m,5,5,Sổ đỏ,2,26 m,Nhà trống
100 m²,13 tỷ,5 m,5,5,Sổ đỏ,5,20 m,Đang ở
35 m²,1.85 tỷ,5 m,1,1,Sổ hồng,1,7 m,Nhà trống
80 m²,6.6 tỷ,5 m,5,5,Sổ hồng,4,16 m,Nhà trống
95 m²,9 tỷ,6 m,5,5,Sổ hồng,5,15.5 m,Nhà trống
97 m²,8.6 tỷ,5 m,5,5,Sổ hồng,2,19.5 m,Đang ở
86 m²,6 tỷ,4.5 m,5,5,Sổ hồng,4,19 m,Đang ở
65 m²,6.19 tỷ,4 m,3,4,Sổ đỏ,3,16.25 m,Đang ở
120 m²,7.5 tỷ,5 m,5,5,Sổ đỏ,3,24 m,Nhà trống
85 m²,7.8 tỷ,7 m,3,4,Sổ đỏ,3,18 m,Nhà trống
100 m²,3.45 tỷ,5 m,2,2,Sổ đỏ,2,20 m,Nhà trống
83 m²,2.9 tỷ,8 m,3,,Sổ đỏ,2,11 m,Đang ở
60 m²,2.95 tỷ,5 m,3,3,Sổ đỏ,2,12 m,Nhà trống
33 m²,1.48 tỷ,3.5 m,2,2,Sổ hồng,2,9.1 m,Nhà trống
60 m²,2.75 tỷ,5 m,3,3,Sổ đỏ,2,12 m,Nhà trống
97 m²,3.9 tỷ,5 m,3,3,Sổ đỏ,2,19.5 m,Nhà trống
57 m²,3.55 tỷ,6.5 m,3,3,Sổ hồng,3,8.5 m,Đang ở
96 m²,14 tỷ,4 m,3,3,Sổ hồng,3,24 m,Đang ở
46 m²,2.6 tỷ,4 m,2,2,Sổ hồng,2,11 m,Nhà trống
50 m²,4.2 tỷ,6.8 m,3,3,Sổ hồng,3,7.4 m,Đang ở
80 m²,6.5 tỷ,3.5 m,3,3,Sổ hồng,3,26 m,Đang ở
60 m²,2.8 tỷ,4 m,3,3,Sổ đỏ,3,15 m,Nhà trống
97 m²,5.9 tỷ,5 m,2,1,Sổ đỏ,1,23.6 m,Đang ở
43 m²,3.65 tỷ,4 m,4,4,Sổ đỏ,5,11 m,Đang ở
90 m²,6.49 tỷ,5 m,4,4,Sổ đỏ,3,18 m,Đang ở
125 m²,18.99 tỷ,5 m,,5,Sổ đỏ,5,25 m,Nhà trống
77 m²,4.99 tỷ,4.5 m,3,4,Sổ đỏ,4,19 m,Nhà trống
90 m²,11.8 tỷ,5 m,5,5,Sổ đỏ,5,20 m,Đang ở
100 m²,4.45 tỷ,1 m,3,3,Sổ đỏ,3,1 m,Đang ở
50 m²,4.05 tỷ,1 m,3,2,Sổ đỏ,3,1 m,Đang ở
180 m²,12.7 tỷ,10 m,4,,Sổ đỏ,3,18 m,Đang ở
51 m²,2.6 tỷ,4.5 m,2,2,Sổ hồng,2,12.5 m,Nhà trống
40 m²,2 tỷ,4.3 m,2,2,Sổ hồng,2,9.5 m,Đang ở
52 m²,8 tỷ,6.5 m,4,4,Sổ đỏ,5,,Nhà trống
90 m²,2.55 tỷ,4.5 m,3,2,Sổ hồng,2,20 m,Nhà trống
85 m²,7.2 tỷ,3.5 m,3,3,Sổ hồng,3,25 m,Đang ở
52 m²,8 tỷ,6.5 m,4,4,Sổ đỏ,5,,Nhà trống
58 m²,1.75 tỷ,5 m,2,2,Sổ hồng,2,12 m,Đang ở
200 m²,26.8 tỷ,10 m,5,5,Sổ đỏ,5,20 m,Đang ở
84 m²,4.8 tỷ,5 m,3,4,Sổ đỏ,3,17 m,Đang ở
43 m²,1.79 tỷ,5 m,2,2,Sổ hồng,2,9 m,Nhà trống
112 m²,7.8 tỷ,3.5 m,5,5,Sổ hồng,3,16 m,Nhà trống
49 m²,3.35 tỷ,4.5 m,2,2,Sổ hồng,2,11 m,Nhà trống
55 m²,2.48 tỷ,4.5 m,2,2,Sổ hồng,2,11 m,Nhà trống
64 m²,7.7 tỷ,4.2 m,3,2,Sổ hồng,2,16 m,Đang ở
70 m²,2.65 tỷ,5 m,3,2,Sổ đỏ,2,14 m,Nhà trống
43 m²,2.57 tỷ,5 m,3,3,Sổ đỏ,3,9 m,Nhà trống
72 m²,5.4 tỷ,4.5 m,4,4,Hợp đồng mua bán,3,16 m,Nhà trống
68 m²,4.65 tỷ,6 m,4,4,Sổ đỏ,3,11.3 m,Nhà trống
84 m²,4.8 tỷ,5 m,3,4,Sổ đỏ,3,17 m,Đang ở
72 m²,5.2 tỷ,4.5 m,3,4,Sổ đỏ,3,16 m,Đang ở
60 m²,3.55 tỷ,5 m,3,4,Sổ đỏ,3,12 m,Nhà trống
100 m²,5.4 tỷ,5 m,3,4,Hợp đồng mua bán,3,20 m,Đang ở
65 m²,7.1 tỷ,5 m,3,4,Sổ đỏ,3,15 m,Đang ở
65 m²,7.1 tỷ,5 m,3,4,Sổ đỏ,3,15 m,Nhà trống
100 m²,4.89 tỷ,4.5 m,2,2,Sổ đỏ,2,22 m,Đang ở
80 m²,7.1 tỷ,5 m,5,5,Sổ đỏ,5,16 m,Đang ở
65 m²,5.85 tỷ,4 m,3,4,Sổ đỏ,3,20 m,Đang ở
65 m²,5.85 tỷ,4 m,3,4,Sổ đỏ,3,20 m,Nhà trống
81 m²,2.85 tỷ,,2,2,Sổ đỏ,,,Đang ở
103 m²,3.1 tỷ,5 m,3,2,Sổ hồng,2,20.5 m,Đang ở
53 m²,4.4 tỷ,5 m,3,3,Sổ hồng,3,10.5 m,Nhà trống
112 m²,8 tỷ,5.2 m,5,5,Sổ hồng,5,21 m,Nhà trống
150 m²,6.45 tỷ,7.5 m,4,4,Sổ đỏ,3,,Nhà trống
150 m²,6.45 tỷ,7.5 m,4,4,Sổ đỏ,3,,Nhà trống
125 m²,3.84 tỷ,5 m,5,5,Sổ đỏ,2,25 m,Đang ở
120 m²,2.55 tỷ,,,,Sổ đỏ,3,,Đang ở
64 m²,2.68 tỷ,5.8 m,3,2,Sổ hồng,2,10.5 m,Nhà trống
40 m²,2.55 tỷ,3 m,2,2,Sổ đỏ,3,13.5 m,Nhà trống
50 m²,2.75 tỷ,4 m,2,2,Sổ đỏ,2,12 m,Nhà trống
100 m²,6.99 tỷ,5 m,3,3,Sổ đỏ,3,20 m,Đang ở
80 m²,4.69 tỷ,4 m,3,3,Sổ đỏ,3,20 m,Nhà trống
44 m²,4.49 tỷ,7.2 m,4,4,Sổ hồng,3,6.4 m,Đang ở
40 m²,2.39 tỷ,4 m,3,2,Sổ hồng,3,10 m,Nhà trống
40 m²,1.55 tỷ,4 m,2,1,Sổ hồng,1,10 m,Đang ở
63 m²,2.55 tỷ,6 m,2,1,Sổ hồng,1,10.5 m,Đang ở
61 m²,2.29 tỷ,4.5 m,2,1,Sổ hồng,1,13.5 m,Đang ở
75 m²,4.9 tỷ,5 m,3,4,Sổ đỏ,3,15 m,Đang ở
40 m²,2.65 tỷ,3.5 m,2,2,Sổ đỏ,2,11 m,Nhà trống
80 m²,5.1 tỷ,5 m,3,4,Sổ đỏ,3,16 m,Nhà trống
72 m²,5.2 tỷ,4.5 m,3,4,Sổ đỏ,3,16 m,Nhà trống
84 m²,5 tỷ,5 m,3,4,Sổ đỏ,3,17 m,Nhà trống
75 m²,5.75 tỷ,5 m,3,4,Sổ đỏ,3,15 m,Đang ở
40 m²,2.49 tỷ,4 m,2,1,Sổ đỏ,2,10 m,Đang ở
125 m²,3.84 tỷ,5 m,5,5,Sổ đỏ,2,25 m,Nhà trống
75 m²,5.25 tỷ,5 m,4,4,Sổ đỏ,3,15 m,Nhà trống
30 m²,1.85 tỷ,4 m,2,2,Sổ đỏ,2,8 m,Nhà trống
41 m²,6.3 tỷ,3.5 m,3,3,Sổ hồng,3,12 m,Nhà trống
75 m²,4.8 tỷ,5 m,3,4,Sổ đỏ,3,15 m,Nhà trống
95 m²,5.95 tỷ,5 m,4,4,Sổ hồng,3,19 m,Nhà trống
48 m²,2.85 tỷ,6 m,3,3,Sổ đỏ,2,8 m,Đang ở
60 m²,2.7 tỷ,8.6 m,3,2,Sổ hồng,2,7.5 m,Nhà trống
180 m²,12.7 tỷ,10 m,4,5,Sổ đỏ,3,18 m,Đang ở
68 m²,4.65 tỷ,6 m,4,4,Sổ đỏ,3,11.3 m,Đang ở
44 m²,2.65 tỷ,5 m,3,3,Sổ đỏ,2,9 m,Đang ở
40 m²,2.55 tỷ,3.2 m,2,2,Sổ hồng,2,13 m,Nhà trống
41 m²,6.3 tỷ,3.5 m,3,3,Sổ hồng,3,12 m,Đang ở
84 m²,3.49 tỷ,4 m,3,3,Sổ đỏ,2,,Nhà trống
67 m²,9.8 tỷ,5 m,3,3,Sổ đỏ,3,16 m,Nhà trống
93 m²,5.4 tỷ,5 m,3,4,Sổ đỏ,3,18.5 m,Nhà trống
50 m²,3.44 tỷ,5 m,3,4,Sổ đỏ,3,10 m,Nhà trống
91 m²,4.45 tỷ,5 m,3,4,Sổ đỏ,3,18.2 m,Đang ở
30 m²,1.59 tỷ,3.5 m,2,1,Sổ đỏ,2,9 m,Nhà trống
131 m²,3.85 tỷ,8 m,3,3,Sổ đỏ,3,15 m,Nhà trống
62 m²,5.1 tỷ,4.6 m,4,3,Sổ đỏ,3,13.5 m,Đang ở
116 m²,5.35 tỷ,5 m,5,5,Sổ đỏ,3,22.5 m,Nhà trống
53 m²,3.49 tỷ,7 m,3,3,Sổ đỏ,3,,Đang ở
200 m²,6.99 tỷ,10 m,,,Sổ đỏ,,,Đang ở
180 m²,12.69 tỷ,10 m,5,5,Sổ hồng,3,20 m,Đang ở
58 m²,4.59 tỷ,5 m,4,5,Sổ đỏ,4,12 m,Nhà trống
93 m²,5.4 tỷ,5 m,3,4,Sổ đỏ,3,18.5 m,Đang ở
180 m²,12.7 tỷ,10 m,4,5,Sổ đỏ,3,18 m,Đang ở
30 m²,2.09 tỷ,4 m,3,3,Sổ đỏ,3,8 m,Đang ở
40 m²,2.49 tỷ,4 m,2,1,Sổ đỏ,2,10 m,Nhà trống
42 m²,1.89 tỷ,6 m,3,2,Sổ đỏ,2,7 m,Nhà trống
222 m²,5.5 tỷ,5 m,5,4,Sổ đỏ,2,45 m,Đang ở
42 m²,1.89 tỷ,6 m,3,2,Sổ đỏ,2,7 m,Đang ở
34 m²,1.99 tỷ,3 m,3,2,Sổ đỏ,3,11 m,Đang ở
42 m²,2.07 tỷ,4 m,2,2,Sổ đỏ,2,12 m,Nhà trống
75 m²,5.25 tỷ,5 m,4,4,Sổ đỏ,3,15 m,Đang ở
50 m²,4.1 tỷ,4.5 m,4,4,Sổ đỏ,4,11 m,Nhà trống
188 m²,18 tỷ,,,,Sổ đỏ,3,,Đang ở
50 m²,4.7 tỷ,4 m,3,3,Sổ đỏ,3,15 m,Nhà trống
450 m²,20.9 tỷ,15 m,5,5,Sổ đỏ,3,30 m,Nhà trống
58 m²,4.55 tỷ,5 m,4,4,Sổ đỏ,3,12 m,Đang ở
222 m²,5.5 tỷ,5 m,5,4,Sổ đỏ,2,45 m,Đang ở
86 m²,3.85 tỷ,4.5 m,2,1,Sổ đỏ,1,19 m,Đang ở
75 m²,5.09 tỷ,5 m,4,4,Sổ đỏ,3,15 m,Đang ở
90 m²,6.5 tỷ,5 m,4,4,Sổ đỏ,3,18 m,Đang ở
127 m²,4.9 tỷ,5 m,3,3,Sổ đỏ,2,25.5 m,Đang ở
67 m²,4.35 tỷ,4.2 m,3,2,Sổ hồng,2,16 m,Đang ở
80 m²,6.5 tỷ,3.5 m,3,3,Sổ hồng,3,26 m,Nhà trống
300 m²,6.1 tỷ,10 m,3,2,Sổ hồng,1,30 m,Đang ở
44 m²,2.65 tỷ,5 m,3,3,Sổ đỏ,2,9 m,Nhà trống
44 m²,2.65 tỷ,5 m,3,3,Sổ đỏ,2,9 m,Đang ở
58 m²,4.55 tỷ,5 m,4,4,Sổ đỏ,3,12 m,Đang ở
50 m²,4.7 tỷ,4 m,3,3,Sổ đỏ,3,15 m,Nhà trống
84 m²,5.2 tỷ,5 m,3,4,Sổ đỏ,3,17 m,Nhà trống
63 m²,4.1 tỷ,5 m,4,4,Sổ đỏ,3,13 m,Đang ở
65 m²,2.79 tỷ,4 m,3,2,Sổ hồng,2,16 m,Nhà trống
80 m²,4.6 tỷ,3.2 m,5,5,Sổ hồng,3,25 m,Đang ở
40 m²,1.73 tỷ,8 m,2,2,Sổ hồng,2,5 m,Nhà trống
30 m²,1.49 tỷ,4 m,2,1,Sổ đỏ,1,8 m,Nhà trống
75 m²,5.75 tỷ,5 m,3,4,Sổ đỏ,3,15 m,Đang ở
42 m²,2.07 tỷ,4 m,2,2,Sổ đỏ,2,12 m,Đang ở
50 m²,4.1 tỷ,4.5 m,4,4,Sổ đỏ,4,11 m,Đang ở
40 m²,2.49 tỷ,4 m,2,1,Sổ đỏ,2,10 m,Nhà trống
42 m²,1.89 tỷ,6 m,3,2,Sổ đỏ,2,7 m,Đang ở
30 m²,2.09 tỷ,4 m,3,3,Sổ đỏ,3,8 m,Đang ở
50 m²,2.59 tỷ,4.5 m,2,2,Sổ hồng,2,12.5 m,Đang ở
95 m²,5.95 tỷ,5 m,4,4,Sổ hồng,3,19 m,Đang ở
41 m²,2.65 tỷ,4 m,2,2,Sổ hồng,2,10 m,Nhà trống
35 m²,1.6 tỷ,4 m,1,1,Sổ hồng,1,9 m,Nhà trống
78 m²,6.25 tỷ,5.5 m,2,2,Sổ hồng,2,13 m,Đang ở
157 m²,8.5 tỷ,5 m,3,3,Sổ hồng,4,31.4 m,Nhà trống
43 m²,2.57 tỷ,5 m,3,3,Sổ đỏ,3,9 m,Nhà trống
58 m²,4.59 tỷ,5 m,4,5,Sổ đỏ,4,12 m,Nhà trống
300 m²,34 tỷ,7.5 m,5,5,Sổ đỏ,3,40 m,Nhà trống
80 m²,7.17 tỷ,9.5 m,4,4,Sổ đỏ,3,8.5 m,Nhà trống
140 m²,4.9 tỷ,,,,Sổ đỏ,2,,Đang ở
65 m²,2.79 tỷ,4.5 m,3,2,Sổ đỏ,2,15 m,Đang ở
130 m²,3 tỷ,5 m,4,3,Sổ đỏ,3,26 m,Nhà trống
175 m²,6.49 tỷ,7 m,4,4,Sổ đỏ,4,25 m,Đang ở
67 m²,9.8 tỷ,5 m,3,3,Sổ đỏ,3,16 m,Đang ở
50 m²,3.44 tỷ,5 m,3,4,Sổ đỏ,3,10 m,Đang ở
